area;regione;comune;stato_compilazione;data_invio_risposta
NORD_EST;Emilia-Romagna;Comune di Montecopiolo;Mai aperto;
NORD_EST;Emilia-Romagna;Comune di Sassofeltrio;Mai aperto;
NORD_EST;Veneto;Comune di Calto;Completato;2024-09-26 09:36:51
NORD_EST;Trentino-Alto Adige/Südtirol;Comune di Valdaone;Completato;2024-09-30 07:23:57
NORD_EST;Emilia-Romagna;Comune di Terre del Reno;Mai aperto;
NORD_EST;Friuli-Venezia Giulia;Comune di Mortegliano;Mai aperto;
NORD_EST;Friuli-Venezia Giulia;Comune di Varmo;Mai aperto;
NORD_EST;Veneto;Comune di Annone Veneto;Mai aperto;
NORD_EST;Veneto;Comune di Bagnoli di Sopra;Mai aperto;
NORD_EST;Veneto;Comune di Bassano del Grappa;Completato;2024-09-12 10:21:15
NORD_EST;Veneto;Comune di Castel D'Azzano;Mai aperto;
NORD_EST;Veneto;Comune di Cologna Veneta;Completato;2024-09-18 08:17:47
NORD_EST;Veneto;Comune di Concamarise;Mai aperto;
NORD_EST;Emilia-Romagna;Comune di Cotignola;Completato;2024-09-10 14:54:46
NORD_EST;Emilia-Romagna;Comune di Longiano;In compilazione;
NORD_EST;Emilia-Romagna;Comune di Poviglio;Mai aperto;
NORD_EST;Veneto;Comune di Pramaggiore;Mai aperto;
NORD_EST;Friuli-Venezia Giulia;Comune di Preone;Mai aperto;
NORD_EST;Friuli-Venezia Giulia;Comune di Remanzacco;Completato;2024-09-13 12:34:53
NORD_EST;Veneto;Comune di Trevignano;Completato;2024-09-18 11:36:56
NORD_EST;Friuli-Venezia Giulia;Comune di Cormons;Mai aperto;
NORD_EST;Emilia-Romagna;Comune di Gambettola;Mai aperto;
NORD_EST;Emilia-Romagna;Comune di Corte Brugnatella;Mai aperto;
NORD_EST;Trentino-Alto Adige/Südtirol;Comune di Caderzone Terme;Mai aperto;
NORD_EST;Veneto;Comune di Val di Zoldo;Mai aperto;
NORD_EST;Trentino-Alto Adige/Südtirol;Comune di Braies;Mai aperto;
NORD_EST;Emilia-Romagna;Comune di Misano Adriatico;Completato;2024-09-23 09:57:53
NORD_EST;Veneto;Comune di Ronca';Mai aperto;
NORD_EST;Veneto;Comune di San Pietro di Cadore;Mai aperto;
NORD_EST;Trentino-Alto Adige/Südtirol;Comune di Spormaggiore;Mai aperto;
NORD_EST;Trentino-Alto Adige/Südtirol;COMUNE DI BORGO D'ANAUNIA;Mai aperto;
NORD_EST;Trentino-Alto Adige/Südtirol;Comune di Novella;In compilazione;
NORD_EST;Trentino-Alto Adige/Südtirol;Comune di Ville di Fiemme;Mai aperto;
NORD_EST;Veneto;Comune di Abano Terme;Mai aperto;
NORD_EST;Veneto;Comune di Adria;Completato;2024-09-30 10:36:02
NORD_EST;Veneto;Comune di Affi;Mai aperto;
NORD_EST;Emilia-Romagna;Comune di Agazzano;Mai aperto;
NORD_EST;Veneto;Comune di Agna;Completato;2024-09-13 07:41:09
NORD_EST;Veneto;Comune di Agordo;Completato;2024-08-14 06:21:09
NORD_EST;Veneto;Comune di Agugliaro;Mai aperto;
NORD_EST;Friuli-Venezia Giulia;Comune di Aiello del Friuli;Completato;2024-09-16 10:42:23
NORD_EST;Trentino-Alto Adige/Südtirol;Comune di Ala;Completato;2024-08-09 07:25:24
NORD_EST;Veneto;Comune di Albaredo D'Adige;Mai aperto;
NORD_EST;Emilia-Romagna;Comune di Albareto;Mai aperto;
NORD_EST;Veneto;Comune di Albettone;Completato;2024-09-23 10:44:31
NORD_EST;Trentino-Alto Adige/Südtirol;Comune di Albiano;In compilazione;
NORD_EST;Veneto;Comune di Albignasego;Mai aperto;
NORD_EST;Emilia-Romagna;Comune di Albinea;Mai aperto;
NORD_EST;Trentino-Alto Adige/Südtirol;Comune di Aldeno;Completato;2024-08-29 14:52:29
NORD_EST;Trentino-Alto Adige/Südtirol;Comune di Aldino;Mai aperto;
NORD_EST;Emilia-Romagna;Comune di Alfonsine;Completato;2024-09-10 12:24:37
NORD_EST;Veneto;Comune di Alleghe;Completato;2024-09-13 15:03:26
NORD_EST;Veneto;Comune di Alonte;Mai aperto;
NORD_EST;Emilia-Romagna;Comune di Alseno;In compilazione;
NORD_EST;Veneto;Comune di Altavilla Vicentina;Mai aperto;
NORD_EST;Veneto;Comune di Altissimo;Completato;2024-08-08 17:11:47
NORD_EST;Veneto;Comune di Altivole;Completato;2024-09-23 07:36:31
NORD_EST;Friuli-Venezia Giulia;Comune di Amaro;Mai aperto;
NORD_EST;Veneto;Comune di Cortina D' Ampezzo;Completato;2024-09-24 10:00:33
NORD_EST;Friuli-Venezia Giulia;Comune di Ampezzo;Mai aperto;
NORD_EST;Trentino-Alto Adige/Südtirol;Comune di Andalo;Completato;2024-09-08 16:20:53
NORD_EST;Friuli-Venezia Giulia;Comune di Andreis;Mai aperto;
NORD_EST;Trentino-Alto Adige/Südtirol;Comune di Andriano;Mai aperto;
NORD_EST;Veneto;Comune di Angiari;Mai aperto;
NORD_EST;Veneto;Comune di Anguillara Veneta;Completato;2024-09-23 12:04:10
NORD_EST;Trentino-Alto Adige/Südtirol;Comune di Anterivo;Mai aperto;
NORD_EST;Emilia-Romagna;Comune di Anzola dell'Emilia;In compilazione;
NORD_EST;Trentino-Alto Adige/Südtirol;Comune di Appiano Sulla Strada del Vino;Mai aperto;
NORD_EST;Friuli-Venezia Giulia;Comune di Aquileia;Mai aperto;
NORD_EST;Friuli-Venezia Giulia;Comune di Arba;Mai aperto;
NORD_EST;Veneto;Comune di Arcade;Mai aperto;
NORD_EST;Trentino-Alto Adige/Südtirol;Comune di Arco;Mai aperto;
NORD_EST;Veneto;Comune di Arcole;In compilazione;
NORD_EST;Veneto;Comune di Arcugnano;In compilazione;
NORD_EST;Emilia-Romagna;Comune di Argelato;In compilazione;
NORD_EST;Emilia-Romagna;Comune di Argenta;Mai aperto;
NORD_EST;Veneto;Comune di Ariano nel Polesine;Mai aperto;
NORD_EST;Veneto;Comune di Arqua Petrarca;Mai aperto;
NORD_EST;Veneto;Comune di Arqua' Polesine;Completato;2024-09-09 10:12:50
NORD_EST;Veneto;Comune di Arre;Mai aperto;
NORD_EST;Veneto;Comune di Arsie';Mai aperto;
NORD_EST;Veneto;Comune di Arsiero;Mai aperto;
NORD_EST;Friuli-Venezia Giulia;Comune di Arta Terme;Mai aperto;
NORD_EST;Friuli-Venezia Giulia;Comune di Artegna;Mai aperto;
NORD_EST;Veneto;Comune di Arzergrande;In compilazione;
NORD_EST;Veneto;Comune di Arzignano;Completato;2024-09-30 07:41:59
NORD_EST;Veneto;Comune di Asiago;Completato;2024-09-21 09:41:25
NORD_EST;Veneto;Comune di Asigliano Veneto;Completato;2024-08-26 15:36:15
NORD_EST;Veneto;Comune di Asolo;Completato;2024-08-07 10:17:19
NORD_EST;Friuli-Venezia Giulia;Comune di Attimis;Mai aperto;
NORD_EST;Veneto;Comune di Auronzo di Cadore;Mai aperto;
NORD_EST;Trentino-Alto Adige/Südtirol;Comune di Avelengo - Gemeinde Hafling;Mai aperto;
NORD_EST;Friuli-Venezia Giulia;Comune di Aviano;Mai aperto;
NORD_EST;Trentino-Alto Adige/Südtirol;Comune di Avio;Mai aperto;
NORD_EST;Friuli-Venezia Giulia;Comune di Azzano Decimo;In compilazione;
NORD_EST;Trentino-Alto Adige/Südtirol;Comune di Badia;Mai aperto;
NORD_EST;Veneto;Comune di Badia Polesine;Completato;2024-09-30 08:12:33
NORD_EST;Veneto;Comune di Badia Calavena;Completato;2024-09-19 07:30:59
NORD_EST;Emilia-Romagna;Comune di Bagnacavallo;Completato;2024-09-10 12:39:08
NORD_EST;Emilia-Romagna;Comune di Bagnara di Romagna;Completato;2024-09-10 12:49:53
NORD_EST;Friuli-Venezia Giulia;Comune di Bagnaria Arsa;Mai aperto;
NORD_EST;Emilia-Romagna;Comune di Bagno di Romagna;In compilazione;
NORD_EST;Emilia-Romagna;Comune di Bagnolo In Piano;Completato;2024-09-26 14:15:11
NORD_EST;Veneto;Comune di Bagnolo di Po;Mai aperto;
NORD_EST;Emilia-Romagna;Comune di Baiso;Completato;2024-09-24 09:33:20
NORD_EST;Veneto;Comune di Baone;Mai aperto;
NORD_EST;Trentino-Alto Adige/Südtirol;Comune di Barbiano;Mai aperto;
NORD_EST;Veneto;Comune di Barbona;Completato;2024-09-18 09:57:18
NORD_EST;Friuli-Venezia Giulia;Comune di Barcis;Mai aperto;
NORD_EST;Emilia-Romagna;Comune di Bardi;Mai aperto;
NORD_EST;Veneto;Comune di Bardolino;Completato;2024-09-04 07:29:03
NORD_EST;Emilia-Romagna;Comune di Baricella;Completato;2024-08-08 16:14:47
NORD_EST;Trentino-Alto Adige/Südtirol;Comune di Baselga di Pine';Completato;2024-10-01 05:56:35
NORD_EST;Friuli-Venezia Giulia;Comune di Basiliano;Mai aperto;
NORD_EST;Emilia-Romagna;Comune di Bastiglia;Mai aperto;
NORD_EST;Veneto;Comune di Battaglia Terme;Completato;2024-09-26 09:01:22
NORD_EST;Trentino-Alto Adige/Südtirol;Comune di Bedollo;Mai aperto;
NORD_EST;Emilia-Romagna;Comune di Bedonia;Mai aperto;
NORD_EST;Veneto;Comune di Belfiore;Mai aperto;
NORD_EST;Emilia-Romagna;Comune di Bellaria Igea Marina;Mai aperto;
NORD_EST;Veneto;Comune di Belluno;Completato;2024-09-26 10:42:58
NORD_EST;Emilia-Romagna;Comune di Lizzano In Belvedere;Mai aperto;
NORD_EST;Emilia-Romagna;Comune di Bentivoglio;Mai aperto;
NORD_EST;Emilia-Romagna;Comune di Berceto;Mai aperto;
NORD_EST;Veneto;Comune di Bergantino;Completato;2024-09-24 11:09:21
NORD_EST;Emilia-Romagna;Comune di Bertinoro;Mai aperto;
NORD_EST;Friuli-Venezia Giulia;Comune di Bertiolo;Mai aperto;
NORD_EST;Trentino-Alto Adige/Südtirol;Comune di Besenello;In compilazione;
NORD_EST;Emilia-Romagna;Comune di Besenzone;Mai aperto;
NORD_EST;Emilia-Romagna;Comune di Bettola;Mai aperto;
NORD_EST;Veneto;Comune di Bevilacqua;Mai aperto;
NORD_EST;Emilia-Romagna;Comune di Bibbiano;Mai aperto;
NORD_EST;Friuli-Venezia Giulia;Comune di Bicinicco;Mai aperto;
NORD_EST;Trentino-Alto Adige/Südtirol;Comune di Bieno;Mai aperto;
NORD_EST;Trentino-Alto Adige/Südtirol;Comune di Bleggio Superiore;Mai aperto;
NORD_EST;Veneto;Comune di Boara Pisani;Completato;2024-09-26 10:32:51
NORD_EST;Emilia-Romagna;Comune di Bobbio;Mai aperto;
NORD_EST;Trentino-Alto Adige/Südtirol;Comune di Bocenago;Mai aperto;
NORD_EST;Emilia-Romagna;Comune di Bologna;Mai aperto;
NORD_EST;Trentino-Alto Adige/Südtirol;Comune di Bolzano;Mai aperto;
NORD_EST;Veneto;Comune di Bolzano Vicentino;Completato;2024-09-27 11:45:01
NORD_EST;Emilia-Romagna;Comune di Bomporto;Mai aperto;
NORD_EST;Veneto;Comune di Bonavigo;In compilazione;
NORD_EST;Emilia-Romagna;Comune di Bondeno;Completato;2024-09-23 06:50:39
NORD_EST;Trentino-Alto Adige/Südtirol;Comune di Bondone;Mai aperto;
NORD_EST;Veneto;Comune di Borca di Cadore;Mai aperto;
NORD_EST;Friuli-Venezia Giulia;Comune di Bordano;Mai aperto;
NORD_EST;Emilia-Romagna;Comune di Bore;Mai aperto;
NORD_EST;Emilia-Romagna;Comune di Boretto;Mai aperto;
NORD_EST;Emilia-Romagna;Comune di Borghi;Mai aperto;
NORD_EST;Trentino-Alto Adige/Südtirol;Comune di Borgo Valsugana;Mai aperto;
NORD_EST;Emilia-Romagna;Comune di Borgonovo Val Tidone;Mai aperto;
NORD_EST;Veneto;Comune di Borgoricco;Completato;2024-09-25 09:57:33
NORD_EST;Emilia-Romagna;Comune di Fidenza;In compilazione;
NORD_EST;Emilia-Romagna;Comune di Borgo Val di Taro;Mai aperto;
NORD_EST;Emilia-Romagna;Comune di Borgo Tossignano;Mai aperto;
NORD_EST;Veneto;Comune di Borso del Grappa;Completato;2024-09-04 11:08:09
NORD_EST;Veneto;Comune di Bosaro;Mai aperto;
NORD_EST;Veneto;Comune di Boschi Sant'Anna;Mai aperto;
NORD_EST;Veneto;Comune di Bosco Chiesanuova;Mai aperto;
NORD_EST;Veneto;Comune di Bovolenta;Mai aperto;
NORD_EST;Veneto;Comune di Bovolone;Completato;2024-09-27 17:06:52
NORD_EST;Veneto;Comune di Breda di Piave;Completato;2024-09-26 09:53:33
NORD_EST;Veneto;Comune di Breganze;Mai aperto;
NORD_EST;Veneto;Comune di Brendola;Mai aperto;
NORD_EST;Trentino-Alto Adige/Südtirol;Comune di Brennero;Mai aperto;
NORD_EST;Veneto;Comune di Brentino Belluno;Mai aperto;
NORD_EST;Trentino-Alto Adige/Südtirol;Comune di Brentonico;Mai aperto;
NORD_EST;Veneto;Comune di Brenzone sul Garda;Mai aperto;
NORD_EST;Emilia-Romagna;Comune di Brescello;Completato;2024-09-28 08:59:57
NORD_EST;Trentino-Alto Adige/Südtirol;Comune di Bresimo;Completato;2024-09-23 08:37:59
NORD_EST;Trentino-Alto Adige/Südtirol;Comune di Bressanone;Mai aperto;
NORD_EST;Veneto;Comune di Bressanvido;Mai aperto;
NORD_EST;Emilia-Romagna;Comune di Brisighella;Mai aperto;
NORD_EST;Veneto;Comune di Brogliano;Completato;2024-09-30 10:14:06
NORD_EST;Trentino-Alto Adige/Südtirol;Comune di Bronzolo;In compilazione;
NORD_EST;Veneto;Comune di Brugine;Mai aperto;
NORD_EST;Friuli-Venezia Giulia;Comune di Brugnera;In compilazione;
NORD_EST;Trentino-Alto Adige/Südtirol;Comune di Brunico;Completato;2024-09-25 06:14:16
NORD_EST;Friuli-Venezia Giulia;Comune di Budoia;In compilazione;
NORD_EST;Emilia-Romagna;Comune di Budrio;Mai aperto;
NORD_EST;Friuli-Venezia Giulia;Comune di Buja;Completato;2024-09-13 10:20:23
NORD_EST;Emilia-Romagna;Comune di Busseto;Mai aperto;
NORD_EST;Veneto;Comune di Bussolengo;Mai aperto;
NORD_EST;Veneto;Comune di Buttapietra;Mai aperto;
NORD_EST;Friuli-Venezia Giulia;Comune di Buttrio;Mai aperto;
NORD_EST;Emilia-Romagna;Comune di Cadelbosco di Sopra;Mai aperto;
NORD_EST;Emilia-Romagna;Comune di Cadeo;Completato;2024-09-23 11:31:56
NORD_EST;Veneto;Comune di Cadoneghe;Mai aperto;
NORD_EST;Veneto;Comune di Caerano di San Marco;Mai aperto;
NORD_EST;Trentino-Alto Adige/Südtirol;Comune di Caines;Mai aperto;
NORD_EST;Veneto;Comune di Calalzo di Cadore;Completato;2024-09-16 11:54:58
NORD_EST;Trentino-Alto Adige/Südtirol;Comune di Calceranica al Lago;Mai aperto;
NORD_EST;Trentino-Alto Adige/Südtirol;Comune di Caldaro sulla Strada del Vino;Mai aperto;
NORD_EST;Emilia-Romagna;Comune di Calderara di Reno;Mai aperto;
NORD_EST;Trentino-Alto Adige/Südtirol;Comune di Caldes;Mai aperto;
NORD_EST;Veneto;Comune di Caldiero;Mai aperto;
NORD_EST;Veneto;Comune di Caldogno;Mai aperto;
NORD_EST;Trentino-Alto Adige/Südtirol;Comune di Caldonazzo;Mai aperto;
NORD_EST;Emilia-Romagna;Comune di Calendasco;Mai aperto;
NORD_EST;Emilia-Romagna;Comune di Calestano;Mai aperto;
NORD_EST;Trentino-Alto Adige/Südtirol;Comune di Calliano;Mai aperto;
NORD_EST;Veneto;Comune di Caltrano;Mai aperto;
NORD_EST;Veneto;Comune di Calvene;Mai aperto;
NORD_EST;Friuli-Venezia Giulia;Comune di Camino Al Tagliamento;Mai aperto;
NORD_EST;Veneto;Comune di Camisano Vicentino;In compilazione;
NORD_EST;Veneto;Comune di Campagna Lupia;Completato;2024-09-23 09:32:13
NORD_EST;Emilia-Romagna;Comune di Campagnola Emilia;Mai aperto;
NORD_EST;Emilia-Romagna;Comune di Campegine;Mai aperto;
NORD_EST;Veneto;Comune di Campiglia Dei Berici;Completato;2024-08-07 12:14:27
NORD_EST;Trentino-Alto Adige/Südtirol;Comune di Campitello di Fassa;Mai aperto;
NORD_EST;Veneto;Comune di Campodarsego;Mai aperto;
NORD_EST;Trentino-Alto Adige/Südtirol;Comune di Campodenno;Mai aperto;
NORD_EST;Trentino-Alto Adige/Südtirol;Comune di Campo di Trens;Mai aperto;
NORD_EST;Veneto;Comune di Campodoro;Mai aperto;
NORD_EST;Friuli-Venezia Giulia;Comune di Campoformido;Completato;2024-09-10 10:19:35
NORD_EST;Emilia-Romagna;Comune di Campogalliano;Completato;2024-09-23 10:46:49
NORD_EST;Veneto;Comune di Campolongo Maggiore;Mai aperto;
NORD_EST;Veneto;Comune di Camponogara;Mai aperto;
NORD_EST;Veneto;Comune di Camposampiero;Mai aperto;
NORD_EST;Veneto;Comune di Campo San Martino;Completato;2024-09-17 14:15:23
NORD_EST;Emilia-Romagna;Comune di Camposanto;Completato;2024-09-24 13:01:31
NORD_EST;Trentino-Alto Adige/Südtirol;Comune di Campo Tures;Mai aperto;
NORD_EST;Emilia-Romagna;Comune di Camugnano;Mai aperto;
NORD_EST;Veneto;Comune di Canale D'Agordo;Mai aperto;
NORD_EST;Trentino-Alto Adige/Südtirol;Comune di Canal San Bovo;Mai aperto;
NORD_EST;Veneto;Comune di Canaro;Mai aperto;
NORD_EST;Trentino-Alto Adige/Südtirol;Comune di Canazei;Mai aperto;
NORD_EST;Veneto;Comune di Canda;Mai aperto;
NORD_EST;Veneto;Comune di Candiana;Mai aperto;
NORD_EST;Friuli-Venezia Giulia;Comune di Caneva;Mai aperto;
NORD_EST;Veneto;Comune di Caorle;Mai aperto;
NORD_EST;Emilia-Romagna;Comune di Caorso;Completato;2024-08-20 05:45:40
NORD_EST;Veneto;Comune di Ponte nelle Alpi;Completato;2024-09-24 10:47:55
NORD_EST;Veneto;Comune di Cappella Maggiore;Completato;2024-09-24 10:22:32
NORD_EST;Emilia-Romagna;Comune di Marzabotto;Mai aperto;
NORD_EST;Trentino-Alto Adige/Südtirol;Comune di Capriana;Mai aperto;
NORD_EST;Veneto;Comune di Caprino Veronese;Mai aperto;
NORD_EST;Friuli-Venezia Giulia;Comune di Capriva del Friuli;Mai aperto;
NORD_EST;Veneto;Comune di Carbonera;In compilazione;
NORD_EST;Trentino-Alto Adige/Südtirol;Comune di Carisolo;Completato;2024-09-04 09:17:37
NORD_EST;Friuli-Venezia Giulia;Comune di Carlino;Mai aperto;
NORD_EST;Veneto;Comune di Carmignano di Brenta;Completato;2024-09-30 08:11:20
NORD_EST;Trentino-Alto Adige/Südtirol;Comune di Cornedo All'Isarco;Mai aperto;
NORD_EST;Emilia-Romagna;Comune di Carpaneto Piacentino;Mai aperto;
NORD_EST;Emilia-Romagna;Comune di Carpi;Completato;2024-09-23 11:50:55
NORD_EST;Emilia-Romagna;Comune di Carpineti;In compilazione;
NORD_EST;Veneto;Comune di Carre';Mai aperto;
NORD_EST;Veneto;Comune di Cartigliano;Mai aperto;
NORD_EST;Veneto;Comune di Cartura;Completato;2024-09-20 12:33:55
NORD_EST;Trentino-Alto Adige/Südtirol;Comune di Carzano;Mai aperto;
NORD_EST;Veneto;Comune di Casale di Scodosia;Mai aperto;
NORD_EST;Veneto;Comune di Casale sul Sile;Mai aperto;
NORD_EST;Emilia-Romagna;Comune di Casalecchio di Reno;Completato;2024-09-04 08:01:42
NORD_EST;Veneto;Comune di Casaleone;Mai aperto;
NORD_EST;Emilia-Romagna;Comune di Casalfiumanese;Mai aperto;
NORD_EST;Emilia-Romagna;Comune di Casalgrande;Completato;2024-09-24 09:46:01
NORD_EST;Veneto;Comune di Casalserugo;Mai aperto;
NORD_EST;Friuli-Venezia Giulia;Comune di Casarsa della Delizia;Mai aperto;
NORD_EST;Veneto;Comune di Casier;Completato;2024-09-04 11:16:14
NORD_EST;Emilia-Romagna;Comune di Casina;Mai aperto;
NORD_EST;Emilia-Romagna;Comune di Castel di Casio;Mai aperto;
NORD_EST;Emilia-Romagna;Comune di Casola Valsenio;Mai aperto;
NORD_EST;Friuli-Venezia Giulia;Comune di Cassacco;Mai aperto;
NORD_EST;Trentino-Alto Adige/Südtirol;Comune di Roncegno Terme;Mai aperto;
NORD_EST;Veneto;Comune di Cassola;Mai aperto;
NORD_EST;Veneto;Comune di Castagnaro;Mai aperto;
NORD_EST;Veneto;Comune di Castegnero;Mai aperto;
NORD_EST;Veneto;Comune di Castelbaldo;Completato;2024-09-06 07:54:37
NORD_EST;Trentino-Alto Adige/Südtirol;Comune di Castelbello-Ciardes;In compilazione;
NORD_EST;Emilia-Romagna;Comune di Castel Bolognese;Mai aperto;
NORD_EST;Veneto;Comune di Castelcucco;Completato;2024-09-06 09:55:59
NORD_EST;Emilia-Romagna;Comune di Castel D'Aiano;Mai aperto;
NORD_EST;Emilia-Romagna;Comune di Casteldelci;Mai aperto;
NORD_EST;Emilia-Romagna;Comune di Castel del Rio;Mai aperto;
NORD_EST;Emilia-Romagna;Comune di Castelfranco Emilia;Mai aperto;
NORD_EST;Veneto;Comune di Castelfranco Veneto;Completato;2024-09-25 11:45:19
NORD_EST;Veneto;Comune di Castelgomberto;Completato;2024-08-23 06:43:59
NORD_EST;Emilia-Romagna;Comune di Castel Guelfo di Bologna;Mai aperto;
NORD_EST;Veneto;Comune di Castelguglielmo;Mai aperto;
NORD_EST;Emilia-Romagna;Comune di Castellarano;Completato;2024-09-24 09:58:24
NORD_EST;Emilia-Romagna;Comune di Castell'Arquato;Mai aperto;
NORD_EST;Trentino-Alto Adige/Südtirol;Comune di Castel Condino;Mai aperto;
NORD_EST;Emilia-Romagna;Comune di Castello D'Argile;Completato;2024-09-26 14:18:00
NORD_EST;Veneto;Comune di Castello di Godego;Completato;2024-09-25 10:35:02
NORD_EST;Trentino-Alto Adige/Südtirol;Comune di Castello-Molina di Fiemme;Mai aperto;
NORD_EST;Emilia-Romagna;Comune di Castel Maggiore;In compilazione;
NORD_EST;Veneto;Comune di Castelmassa;Mai aperto;
NORD_EST;Veneto;Comune di Castelnovo Bariano;Mai aperto;
NORD_EST;Friuli-Venezia Giulia;Comune di Castelnovo del Friuli;Mai aperto;
NORD_EST;Emilia-Romagna;Comune di Castelnovo di Sotto;Completato;2024-09-26 14:04:23
NORD_EST;Emilia-Romagna;Comune di Castelnovo Ne' Monti;Mai aperto;
NORD_EST;Veneto;Comune di Castelnuovo del Garda;Mai aperto;
NORD_EST;Emilia-Romagna;Comune di Castelnuovo Rangone;Completato;2024-09-30 09:00:02
NORD_EST;Trentino-Alto Adige/Südtirol;Comune di Castelrotto;Mai aperto;
NORD_EST;Emilia-Romagna;Comune di Castel San Giovanni;In compilazione;
NORD_EST;Emilia-Romagna;Comune di Castel San Pietro Terme;Mai aperto;
NORD_EST;Emilia-Romagna;Comune di Castelvetro di Modena;Completato;2024-09-26 16:14:46
NORD_EST;Emilia-Romagna;Comune di Castelvetro Piacentino;Mai aperto;
NORD_EST;Emilia-Romagna;Comune di Castenaso;Completato;2024-09-23 07:27:29
NORD_EST;Emilia-Romagna;Comune di Castiglione Dei Pepoli;Mai aperto;
NORD_EST;Friuli-Venezia Giulia;Comune di Castions di Strada;Mai aperto;
NORD_EST;Emilia-Romagna;Comune di Castrocaro Terme E Terra del Sole;Completato;2024-09-28 10:57:03
NORD_EST;Emilia-Romagna;Comune di Cattolica;Mai aperto;
NORD_EST;Veneto;Comune di Cavaion Veronese;Completato;2024-09-17 10:02:42
NORD_EST;Trentino-Alto Adige/Südtirol;Comune di Cavalese;Mai aperto;
NORD_EST;Trentino-Alto Adige/Südtirol;Comune di Cavareno;In compilazione;
NORD_EST;Veneto;Comune di Cavarzere;Mai aperto;
NORD_EST;Veneto;Comune di Cavaso del Tomba;Mai aperto;
NORD_EST;Friuli-Venezia Giulia;Comune di Cavasso Nuovo;Mai aperto;
NORD_EST;Veneto;Comune di Jesolo;Completato;2024-09-17 16:08:45
NORD_EST;Friuli-Venezia Giulia;Comune di Cavazzo Carnico;Mai aperto;
NORD_EST;Trentino-Alto Adige/Südtirol;Comune di Cavedine;Completato;2024-09-04 08:44:00
NORD_EST;Emilia-Romagna;Comune di Cavezzo;Completato;2024-09-24 13:14:16
NORD_EST;Trentino-Alto Adige/Südtirol;Comune di Cavizzana;Mai aperto;
NORD_EST;Emilia-Romagna;Comune di Cavriago;Mai aperto;
NORD_EST;Veneto;Comune di Cazzano di Tramigna;Mai aperto;
NORD_EST;Veneto;Comune di Ceggia;Mai aperto;
NORD_EST;Veneto;Comune di Cencenighe Agordino;Mai aperto;
NORD_EST;Veneto;Comune di Ceneselli;Mai aperto;
NORD_EST;Trentino-Alto Adige/Südtirol;Comune di Cermes;In compilazione;
NORD_EST;Emilia-Romagna;Comune di Cento;In compilazione;
NORD_EST;Friuli-Venezia Giulia;Comune di Cercivento;Mai aperto;
NORD_EST;Veneto;Comune di Cerea;Mai aperto;
NORD_EST;Veneto;Comune di Ceregnano;Mai aperto;
NORD_EST;Emilia-Romagna;Comune di Cerignale;Mai aperto;
NORD_EST;Veneto;Comune di Cerro Veronese;Mai aperto;
NORD_EST;Veneto;Comune di Cervarese Santa Croce;Mai aperto;
NORD_EST;Emilia-Romagna;Comune di Cervia;Completato;2024-07-22 07:24:48
NORD_EST;Friuli-Venezia Giulia;Comune di Cervignano del Friuli;Completato;2024-09-23 10:40:36
NORD_EST;Emilia-Romagna;Comune di Cesena;In compilazione;
NORD_EST;Emilia-Romagna;Comune di Cesenatico;Mai aperto;
NORD_EST;Veneto;Comune di Cesiomaggiore;Mai aperto;
NORD_EST;Veneto;Comune di Cessalto;Mai aperto;
NORD_EST;Veneto;Comune di Chiampo;Completato;2024-09-30 08:07:08
NORD_EST;Veneto;Comune di Chiarano;In compilazione;
NORD_EST;Trentino-Alto Adige/Südtirol;Comune di Chienes;Mai aperto;
NORD_EST;Veneto;Comune di Chies d'Alpago;Mai aperto;
NORD_EST;Veneto;Comune di Chioggia;Completato;2024-09-30 09:15:12
NORD_EST;Friuli-Venezia Giulia;Comune di Chions;In compilazione;
NORD_EST;Friuli-Venezia Giulia;Comune di Chiopris-viscone;Mai aperto;
NORD_EST;Veneto;Comune di Chiuppano;Mai aperto;
NORD_EST;Trentino-Alto Adige/Südtirol;Comune di Chiusa;Mai aperto;
NORD_EST;Friuli-Venezia Giulia;Comune di Chiusaforte;Mai aperto;
NORD_EST;Emilia-Romagna;Comune di Canossa;Mai aperto;
NORD_EST;Veneto;Comune di Crocetta del Montello;Completato;2024-09-05 12:47:29
NORD_EST;Veneto;Comune di Cibiana di Cadore;Mai aperto;
NORD_EST;Veneto;Comune di Cimadolmo;Mai aperto;
NORD_EST;Friuli-Venezia Giulia;Comune di Cimolais;Mai aperto;
NORD_EST;Trentino-Alto Adige/Südtirol;Comune di Cimone;Mai aperto;
NORD_EST;Trentino-Alto Adige/Südtirol;Comune di Cinte Tesino;Mai aperto;
NORD_EST;Veneto;Comune di Cinto Euganeo;Mai aperto;
NORD_EST;Veneto;Comune di Cinto Caomaggiore;Completato;2024-09-17 08:58:38
NORD_EST;Trentino-Alto Adige/Südtirol;Comune di Cis;Mai aperto;
NORD_EST;Veneto;Comune di Cison di Valmarino;Completato;2024-08-23 12:16:21
NORD_EST;Veneto;Comune di Cittadella;Completato;2024-09-23 14:36:56
NORD_EST;Trentino-Alto Adige/Südtirol;Comune di Civezzano;Completato;2024-09-26 09:54:27
NORD_EST;Friuli-Venezia Giulia;Comune di Cividale del Friuli;Completato;2024-07-23 09:46:48
NORD_EST;Emilia-Romagna;Comune di Civitella di Romagna;Completato;2024-09-30 11:36:18
NORD_EST;Friuli-Venezia Giulia;Comune di Claut;Mai aperto;
NORD_EST;Friuli-Venezia Giulia;Comune di Clauzetto;Mai aperto;
NORD_EST;Trentino-Alto Adige/Südtirol;Comune di Cles;Mai aperto;
NORD_EST;Veneto;Comune di Codevigo;Completato;2024-09-30 08:13:46
NORD_EST;Emilia-Romagna;Comune di Codigoro;Completato;2024-07-26 10:39:35
NORD_EST;Veneto;Comune di Codogne';Completato;2024-09-12 10:43:55
NORD_EST;Friuli-Venezia Giulia;Comune di Codroipo;Completato;2024-09-27 09:29:49
NORD_EST;Veneto;Comune di Cogollo del Cengio;Mai aperto;
NORD_EST;Emilia-Romagna;Comune di Coli;Mai aperto;
NORD_EST;Veneto;Comune di Colle Umberto;Mai aperto;
NORD_EST;Emilia-Romagna;Comune di Collecchio;Mai aperto;
NORD_EST;Veneto;Comune di Colle Santa Lucia;Mai aperto;
NORD_EST;Friuli-Venezia Giulia;Comune di Colloredo di Monte Albano;Mai aperto;
NORD_EST;Veneto;Comune di Colognola ai Colli;Mai aperto;
NORD_EST;Emilia-Romagna;Comune di Colorno;Mai aperto;
NORD_EST;Emilia-Romagna;Comune di Comacchio;Completato;2024-09-27 09:56:37
NORD_EST;Friuli-Venezia Giulia;Comune di Comeglians;Mai aperto;
NORD_EST;Veneto;Comune di Santo Stefano di Cadore;Mai aperto;
NORD_EST;Veneto;Comune di Comelico Superiore;Mai aperto;
NORD_EST;Trentino-Alto Adige/Südtirol;Comune di Commezzadura;Mai aperto;
NORD_EST;Emilia-Romagna;Comune di Compiano;Mai aperto;
NORD_EST;Veneto;Comune di Cona;Mai aperto;
NORD_EST;Veneto;Comune di Concordia Sagittaria;Completato;2024-09-30 11:26:27
NORD_EST;Emilia-Romagna;Comune di Concordia Sulla Secchia;Completato;2024-09-24 13:24:48
NORD_EST;Veneto;Comune di Conegliano;Completato;2024-09-24 10:27:55
NORD_EST;Emilia-Romagna;Comune di Conselice;Completato;2024-09-10 14:43:14
NORD_EST;Veneto;Comune di Conselve;Mai aperto;
NORD_EST;Emilia-Romagna;Comune di Copparo;Mai aperto;
NORD_EST;Veneto;Comune di Corbola;Mai aperto;
NORD_EST;Friuli-Venezia Giulia;Comune di Cordenons;Mai aperto;
NORD_EST;Veneto;Comune di Cordignano;In compilazione;
NORD_EST;Friuli-Venezia Giulia;Comune di Cordovado;Mai aperto;
NORD_EST;Emilia-Romagna;Comune di Coriano;Completato;2024-08-29 14:23:15
NORD_EST;Veneto;Comune di Cornedo Vicentino;Completato;2024-09-23 11:07:15
NORD_EST;Emilia-Romagna;Comune di Corniglio;Mai aperto;
NORD_EST;Friuli-Venezia Giulia;Comune di Corno di Rosazzo;Mai aperto;
NORD_EST;Veneto;Comune di Cornuda;Completato;2024-09-04 10:26:48
NORD_EST;Emilia-Romagna;Comune di Correggio;In compilazione;
NORD_EST;Veneto;Comune di Correzzola;Mai aperto;
NORD_EST;Trentino-Alto Adige/Südtirol;Comune di Cortaccia sulla Strada del Vino;Mai aperto;
NORD_EST;Emilia-Romagna;Comune di Cortemaggiore;Mai aperto;
NORD_EST;Trentino-Alto Adige/Südtirol;Comune di Cortina sulla Strada del Vino;Mai aperto;
NORD_EST;Trentino-Alto Adige/Südtirol;Comune di Corvara in Badia;Mai aperto;
NORD_EST;Friuli-Venezia Giulia;Comune di Coseano;Mai aperto;
NORD_EST;Veneto;Comune di Costa di Rovigo;Mai aperto;
NORD_EST;Veneto;Comune di Costabissara;In compilazione;
NORD_EST;Veneto;Comune di Costermano sul Garda;Completato;2024-09-26 10:24:30
NORD_EST;Veneto;Comune di Creazzo;Completato;2024-09-26 09:15:50
NORD_EST;Veneto;Comune di Crespadoro;Completato;2024-09-23 07:53:30
NORD_EST;Veneto;Comune di Crespino;Mai aperto;
NORD_EST;Emilia-Romagna;Comune di Crevalcore;Mai aperto;
NORD_EST;Trentino-Alto Adige/Südtirol;Comune di Croviana;Mai aperto;
NORD_EST;Veneto;Comune di Veronella;Completato;2024-09-30 10:00:06
NORD_EST;Trentino-Alto Adige/Südtirol;Comune di Curon Venosta;Mai aperto;
NORD_EST;Veneto;Comune di Curtarolo;In compilazione;
NORD_EST;Trentino-Alto Adige/Südtirol;Comune di Dambel;Mai aperto;
NORD_EST;Veneto;Comune di Danta di Cadore;Mai aperto;
NORD_EST;Trentino-Alto Adige/Südtirol;Comune di Denno;Mai aperto;
NORD_EST;Friuli-Venezia Giulia;Comune di Dignano;Mai aperto;
NORD_EST;Trentino-Alto Adige/Südtirol;Comune di Dobbiaco;Mai aperto;
NORD_EST;Friuli-Venezia Giulia;Comune di Doberdo' del Lago - Obcina Doberdob;Completato;2024-07-23 05:48:20
NORD_EST;Friuli-Venezia Giulia;Comune di Dogna;Mai aperto;
NORD_EST;Veneto;Comune di Dolce';Completato;2024-09-30 14:24:27
NORD_EST;Friuli-Venezia Giulia;Comune di Dolegna del Collio;Mai aperto;
NORD_EST;Friuli-Venezia Giulia;Comune di San Dorligo della Valle - Dolina;Mai aperto;
NORD_EST;Veneto;Comune di Dolo;In compilazione;
NORD_EST;Veneto;Comune di Domegge di Cadore;Mai aperto;
NORD_EST;Emilia-Romagna;Comune di Dovadola;In compilazione;
NORD_EST;Emilia-Romagna;Comune di Dozza;Mai aperto;
NORD_EST;Trentino-Alto Adige/Südtirol;Comune di Drena;Mai aperto;
NORD_EST;Friuli-Venezia Giulia;Comune di Drenchia;Mai aperto;
NORD_EST;Trentino-Alto Adige/Südtirol;Comune di Dro;Mai aperto;
NORD_EST;Veneto;Comune di Dueville;Completato;2024-09-19 07:58:37
NORD_EST;Friuli-Venezia Giulia;Comune di Duino-Aurisina/Devin Nabrezina;Mai aperto;
NORD_EST;Trentino-Alto Adige/Südtirol;Comune di Egna;Mai aperto;
NORD_EST;Veneto;Comune di Enego;Mai aperto;
NORD_EST;Friuli-Venezia Giulia;Comune di Enemonzo;Mai aperto;
NORD_EST;Veneto;Comune di Eraclea;Completato;2024-09-26 13:54:30
NORD_EST;Veneto;Comune di Erbe';In compilazione;
NORD_EST;Veneto;Comune di Erbezzo;Completato;2024-09-06 11:07:32
NORD_EST;Friuli-Venezia Giulia;Comune di Erto e Casso;Mai aperto;
NORD_EST;Veneto;Comune di Este;Mai aperto;
NORD_EST;Emilia-Romagna;Comune di Fabbrico;Mai aperto;
NORD_EST;Friuli-Venezia Giulia;Comune di Faedis;Mai aperto;
NORD_EST;Emilia-Romagna;Comune di Faenza;Mai aperto;
NORD_EST;Friuli-Venezia Giulia;Comune di Fagagna;Mai aperto;
NORD_EST;Trentino-Alto Adige/Südtirol;Comune di Fai della Paganella;Completato;2024-09-19 09:17:30
NORD_EST;Veneto;Comune di Falcade;Mai aperto;
NORD_EST;Trentino-Alto Adige/Südtirol;Comune di Falzes;Mai aperto;
NORD_EST;Emilia-Romagna;Comune di Fanano;Completato;2024-09-04 09:00:36
NORD_EST;Friuli-Venezia Giulia;Comune di Fanna;Mai aperto;
NORD_EST;Veneto;Comune di Fara Vicentino;Completato;2024-09-27 10:45:39
NORD_EST;Emilia-Romagna;Comune di Farini;Completato;2024-09-04 05:29:52
NORD_EST;Friuli-Venezia Giulia;Comune di Farra d'Isonzo;In compilazione;
NORD_EST;Veneto;Comune di Farra di Soligo;Completato;2024-09-23 06:50:35
NORD_EST;Emilia-Romagna;Comune di Felino;Mai aperto;
NORD_EST;Veneto;Comune di Feltre;Completato;2024-09-06 10:48:40
NORD_EST;Emilia-Romagna;Comune di Ferrara;Completato;2024-08-06 12:37:08
NORD_EST;Veneto;Comune di Ferrara di Monte Baldo;Mai aperto;
NORD_EST;Emilia-Romagna;Comune di Ferriere;Mai aperto;
NORD_EST;Trentino-Alto Adige/Südtirol;Comune di Fiave';Mai aperto;
NORD_EST;Veneto;Comune di Ficarolo;Completato;2024-08-20 09:07:50
NORD_EST;Trentino-Alto Adige/Südtirol;Comune di Fie' Allo Sciliar;Mai aperto;
NORD_EST;Trentino-Alto Adige/Südtirol;Comune di Fierozzo;Mai aperto;
NORD_EST;Veneto;Comune di Fiesso Umbertiano;Mai aperto;
NORD_EST;Veneto;Comune di Fiesso d'Artico;Completato;2024-09-17 14:04:52
NORD_EST;Emilia-Romagna;Comune di Finale Emilia;Completato;2024-09-23 14:14:47
NORD_EST;Emilia-Romagna;Comune di Fiorano Modenese;Completato;2024-09-23 06:39:05
NORD_EST;Emilia-Romagna;Comune di Fiorenzuola D'Arda;Completato;2024-09-25 08:31:10
NORD_EST;Emilia-Romagna;Comune di Fiumalbo;Mai aperto;
NORD_EST;Friuli-Venezia Giulia;Comune di Fiume Veneto;Mai aperto;
NORD_EST;Friuli-Venezia Giulia;Comune di Flaibano;In compilazione;
NORD_EST;Friuli-Venezia Giulia;Comune di Fogliano Redipuglia;Completato;2024-09-30 10:11:12
NORD_EST;Trentino-Alto Adige/Südtirol;Comune di Folgaria;Mai aperto;
NORD_EST;Veneto;Comune di Follina;Mai aperto;
NORD_EST;Emilia-Romagna;Comune di Fontanelice;Mai aperto;
NORD_EST;Friuli-Venezia Giulia;Comune di Fontanafredda;Completato;2024-07-23 11:51:07
NORD_EST;Emilia-Romagna;Comune di Fontanellato;Completato;2024-09-24 16:22:26
NORD_EST;Veneto;Comune di Fontanelle;Mai aperto;
NORD_EST;Veneto;Comune di Fontaniva;Completato;2024-09-30 09:39:04
NORD_EST;Veneto;Comune di Fonte;Mai aperto;
NORD_EST;Emilia-Romagna;Comune di Fontevivo;Mai aperto;
NORD_EST;Veneto;Comune di Fonzaso;Mai aperto;
NORD_EST;Friuli-Venezia Giulia;Comune di Forgaria nel Friuli;Mai aperto;
NORD_EST;Emilia-Romagna;Comune di Forli';In compilazione;
NORD_EST;Emilia-Romagna;Comune di Forlimpopoli;Completato;2024-09-30 12:18:24
NORD_EST;Emilia-Romagna;Comune di Formigine;Mai aperto;
NORD_EST;Trentino-Alto Adige/Südtirol;Comune di Fornace;Mai aperto;
NORD_EST;Veneto;Comune di Tonezza del Cimone;Mai aperto;
NORD_EST;Friuli-Venezia Giulia;Comune di Forni Avoltri;Mai aperto;
NORD_EST;Friuli-Venezia Giulia;Comune di Forni di Sopra;In compilazione;
NORD_EST;Friuli-Venezia Giulia;Comune di Forni di Sotto;Mai aperto;
NORD_EST;Emilia-Romagna;Comune di Fornovo di Taro;Completato;2024-09-26 06:36:07
NORD_EST;Trentino-Alto Adige/Südtirol;Comune di Fortezza;Mai aperto;
NORD_EST;Veneto;Comune di Fossalta di Piave;Completato;2024-09-23 06:24:57
NORD_EST;Veneto;Comune di Fossalta di Portogruaro;Mai aperto;
NORD_EST;Veneto;Comune di Fosso';Mai aperto;
NORD_EST;Veneto;Comune di Foza;Completato;2024-09-03 10:03:05
NORD_EST;Trentino-Alto Adige/Südtirol;Comune di Frassilongo;Mai aperto;
NORD_EST;Veneto;Comune di Frassinelle Polesine;Mai aperto;
NORD_EST;Emilia-Romagna;Comune di Frassinoro;Completato;2024-09-24 09:43:18
NORD_EST;Veneto;Comune di Fratta Polesine;Completato;2024-09-19 13:51:31
NORD_EST;Veneto;Comune di Fregona;Mai aperto;
NORD_EST;Friuli-Venezia Giulia;Comune di Frisanco;Mai aperto;
NORD_EST;Veneto;Comune di Fumane;Completato;2024-09-30 07:19:12
NORD_EST;Trentino-Alto Adige/Südtirol;Comune di Funes;Mai aperto;
NORD_EST;Emilia-Romagna;Comune di Fusignano;Completato;2024-09-10 15:05:59
NORD_EST;Emilia-Romagna;Comune di Gaggio Montano;Mai aperto;
NORD_EST;Veneto;Comune di Gaiarine;Completato;2024-09-30 11:49:47
NORD_EST;Veneto;Comune di Gaiba;Mai aperto;
NORD_EST;Trentino-Alto Adige/Südtirol;Comune di Gais;Mai aperto;
NORD_EST;Emilia-Romagna;Comune di Galeata;In compilazione;
NORD_EST;Emilia-Romagna;Comune di Galliera;Mai aperto;
NORD_EST;Veneto;Comune di Galliera Veneta;Mai aperto;
NORD_EST;Veneto;Comune di Gallio;Completato;2024-07-18 14:45:47
NORD_EST;Veneto;Comune di Galzignano Terme;Mai aperto;
NORD_EST;Veneto;Comune di Gambellara;Mai aperto;
NORD_EST;Veneto;Comune di Garda;Mai aperto;
NORD_EST;Trentino-Alto Adige/Südtirol;Comune di Gargazzone - Gemeinde Gargazon;Mai aperto;
NORD_EST;Trentino-Alto Adige/Südtirol;Comune di Garniga Terme;Mai aperto;
NORD_EST;Emilia-Romagna;Comune di Gattatico;Mai aperto;
NORD_EST;Emilia-Romagna;Comune di Gatteo;Completato;2024-09-23 09:48:26
NORD_EST;Veneto;Comune di Gavello;In compilazione;
NORD_EST;Veneto;Comune di Gazzo;Mai aperto;
NORD_EST;Emilia-Romagna;Comune di Gazzola;Mai aperto;
NORD_EST;Emilia-Romagna;Comune di Gemmano;Completato;2024-09-04 06:03:16
NORD_EST;Friuli-Venezia Giulia;Comune di Gemona del Friuli;Completato;2024-09-09 13:35:57
NORD_EST;Trentino-Alto Adige/Südtirol;Comune di Cavedago;Mai aperto;
NORD_EST;Veneto;Comune di Giacciano Con Baruchella;Mai aperto;
NORD_EST;Veneto;Comune di Giavera del Montello;Mai aperto;
NORD_EST;Trentino-Alto Adige/Südtirol;Comune di Giovo;Mai aperto;
NORD_EST;Trentino-Alto Adige/Südtirol;Comune di Giustino;Mai aperto;
NORD_EST;Trentino-Alto Adige/Südtirol;Comune di Glorenza;Mai aperto;
NORD_EST;Friuli-Venezia Giulia;Comune di Gonars;Completato;2024-09-05 13:56:09
NORD_EST;Veneto;Comune di Gorgo al Monticano;In compilazione;
NORD_EST;Friuli-Venezia Giulia;Comune di Gorizia;In compilazione;
NORD_EST;Emilia-Romagna;Comune di Goro;Completato;2024-09-30 12:39:26
NORD_EST;Veneto;Comune di Gosaldo;In compilazione;
NORD_EST;Emilia-Romagna;Comune di Gossolengo;Mai aperto;
NORD_EST;Friuli-Venezia Giulia;Comune di Gradisca d'Isonzo;Mai aperto;
NORD_EST;Friuli-Venezia Giulia;Comune di Grado;Mai aperto;
NORD_EST;Emilia-Romagna;Comune di Gragnano Trebbiense;Mai aperto;
NORD_EST;Emilia-Romagna;Comune di Granarolo dell'Emilia;Completato;2024-08-29 10:14:30
NORD_EST;Veneto;Comune di Grantorto;Mai aperto;
NORD_EST;Veneto;Comune di Granze;Completato;2024-09-05 10:01:37
NORD_EST;Veneto;Comune di Grezzana;Mai aperto;
NORD_EST;Trentino-Alto Adige/Südtirol;Comune di Grigno;Mai aperto;
NORD_EST;Friuli-Venezia Giulia;Comune di Grimacco;Mai aperto;
NORD_EST;Veneto;Comune di Grisignano di Zocco;Mai aperto;
NORD_EST;Emilia-Romagna;Comune di Grizzana Morandi;Mai aperto;
NORD_EST;Emilia-Romagna;Comune di Gropparello;Mai aperto;
NORD_EST;Veneto;Comune di Gruaro;Mai aperto;
NORD_EST;Veneto;Comune di Grumolo delle Abbadesse;Mai aperto;
NORD_EST;Emilia-Romagna;Comune di Gualtieri;Completato;2024-09-10 08:32:48
NORD_EST;Veneto;Comune di Guarda Veneta;Mai aperto;
NORD_EST;Emilia-Romagna;Comune di Guastalla;Completato;2024-09-25 11:19:11
NORD_EST;Emilia-Romagna;Comune di Guiglia;Completato;2024-09-26 15:55:27
NORD_EST;Veneto;Comune di Illasi;Mai aperto;
NORD_EST;Trentino-Alto Adige/Südtirol;Comune di Imer;Mai aperto;
NORD_EST;Emilia-Romagna;Comune di Imola;Completato;2024-09-12 12:49:45
NORD_EST;Emilia-Romagna;Comune di Jolanda di Savoia;Mai aperto;
NORD_EST;Trentino-Alto Adige/Südtirol;Comune di Isera;Mai aperto;
NORD_EST;Veneto;Comune di Isola della Scala;Completato;2024-09-25 09:37:10
NORD_EST;Veneto;Comune di Isola Vicentina;In compilazione;
NORD_EST;Veneto;Comune di Isola Rizza;In compilazione;
NORD_EST;Veneto;Comune di Istrana;Completato;2024-09-23 07:28:44
NORD_EST;Trentino-Alto Adige/Südtirol;Comune di Laces;In compilazione;
NORD_EST;Veneto;Comune di Laghi;Mai aperto;
NORD_EST;Emilia-Romagna;Comune di Lagosanto;Mai aperto;
NORD_EST;Trentino-Alto Adige/Südtirol;Comune di Lagundo;Mai aperto;
NORD_EST;Trentino-Alto Adige/Südtirol;Comune di Laion;Mai aperto;
NORD_EST;Trentino-Alto Adige/Südtirol;Comune di Laives;Mai aperto;
NORD_EST;Emilia-Romagna;Comune di Lama Mocogno;Mai aperto;
NORD_EST;Veneto;Comune di Lamon;Mai aperto;
NORD_EST;Trentino-Alto Adige/Südtirol;Comune di Lana;Mai aperto;
NORD_EST;Emilia-Romagna;Comune di Langhirano;Mai aperto;
NORD_EST;Trentino-Alto Adige/Südtirol;Comune di Lasa;Mai aperto;
NORD_EST;Veneto;Comune di Lastebasse;Mai aperto;
NORD_EST;Friuli-Venezia Giulia;Comune di Latisana;Completato;2024-09-23 11:18:02
NORD_EST;Friuli-Venezia Giulia;Comune di Lauco;Mai aperto;
NORD_EST;Trentino-Alto Adige/Südtirol;Comune di Lauregno;Mai aperto;
NORD_EST;Veneto;Comune di Lavagno;Mai aperto;
NORD_EST;Veneto;Comune di La Valle Agordina;Completato;2024-08-30 10:09:04
NORD_EST;Trentino-Alto Adige/Südtirol;Comune di La Valle;Mai aperto;
NORD_EST;Trentino-Alto Adige/Südtirol;Comune di Lavarone;Completato;2024-09-16 12:19:35
NORD_EST;Trentino-Alto Adige/Südtirol;Comune di Lavis;Mai aperto;
NORD_EST;Veneto;Comune di Lazise;Mai aperto;
NORD_EST;Veneto;Comune di Legnago;In compilazione;
NORD_EST;Veneto;Comune di Legnaro;Completato;2024-09-27 09:42:05
NORD_EST;Veneto;Comune di Lendinara;Completato;2024-09-04 11:19:47
NORD_EST;Emilia-Romagna;Comune di Lesignano De' Bagni;Mai aperto;
NORD_EST;Emilia-Romagna;Comune di Terenzo;Mai aperto;
NORD_EST;Friuli-Venezia Giulia;Comune di Lestizza;Completato;2024-09-26 15:35:25
NORD_EST;Trentino-Alto Adige/Südtirol;Comune di Levico Terme;Mai aperto;
NORD_EST;Friuli-Venezia Giulia;Comune di Lignano Sabbiadoro;Mai aperto;
NORD_EST;Veneto;Comune di Limana;Mai aperto;
NORD_EST;Veneto;Comune di Limena;Mai aperto;
NORD_EST;Veneto;Comune di Livinallongo del Col di Lana;Mai aperto;
NORD_EST;Trentino-Alto Adige/Südtirol;Comune di Livo TN;Mai aperto;
NORD_EST;Emilia-Romagna;Comune di Loiano;Mai aperto;
NORD_EST;Trentino-Alto Adige/Südtirol;Comune di Lona-lases;Mai aperto;
NORD_EST;Veneto;Comune di Longare;Mai aperto;
NORD_EST;Veneto;Comune di Lonigo;Completato;2024-08-08 06:36:29
NORD_EST;Veneto;Comune di Loreggia;Mai aperto;
NORD_EST;Veneto;Comune di Lorenzago di Cadore;Completato;2024-09-27 06:56:19
NORD_EST;Veneto;Comune di Loreo;Mai aperto;
NORD_EST;Veneto;Comune di Loria;Completato;2024-09-23 08:52:07
NORD_EST;Veneto;Comune di Lozzo di Cadore;Completato;2024-07-23 13:53:21
NORD_EST;Veneto;Comune di Lozzo Atestino;Mai aperto;
NORD_EST;Emilia-Romagna;Comune di Lugagnano Val D'Arda;Mai aperto;
NORD_EST;Emilia-Romagna;Comune di Lugo;Completato;2024-09-09 15:44:34
NORD_EST;Veneto;Comune di Lugo di Vicenza;In compilazione;
NORD_EST;Trentino-Alto Adige/Südtirol;Comune di Luserna;Mai aperto;
NORD_EST;Friuli-Venezia Giulia;Comune di Lusevera;Mai aperto;
NORD_EST;Veneto;Comune di Lusia;Completato;2024-09-23 05:52:57
NORD_EST;Trentino-Alto Adige/Südtirol;Comune di Luson;Mai aperto;
NORD_EST;Emilia-Romagna;Comune di Luzzara;Completato;2024-08-24 09:32:21
NORD_EST;Friuli-Venezia Giulia;Comune di Magnano In Riviera;Mai aperto;
NORD_EST;Trentino-Alto Adige/Südtirol;Comune di Magre' Sulla Strada Del Vino;Mai aperto;
NORD_EST;Friuli-Venezia Giulia;Comune di Majano;Completato;2024-09-09 11:29:11
NORD_EST;Emilia-Romagna;Comune di Maiolo;In compilazione;
NORD_EST;Emilia-Romagna;Comune di Malalbergo;Completato;2024-09-10 16:34:37
NORD_EST;Friuli-Venezia Giulia;Comune di Malborghetto Valbruna;Mai aperto;
NORD_EST;Veneto;Comune di Malcesine;Completato;2024-09-20 08:54:19
NORD_EST;Trentino-Alto Adige/Südtirol;Comune di Male';Mai aperto;
NORD_EST;Trentino-Alto Adige/Südtirol;Comune di Malles Venosta;Mai aperto;
NORD_EST;Veneto;Comune di Malo;Mai aperto;
NORD_EST;Friuli-Venezia Giulia;Comune di Maniago;In compilazione;
NORD_EST;Veneto;Comune di Mansue';Completato;2024-09-04 10:18:14
NORD_EST;Friuli-Venezia Giulia;Comune di Manzano;Completato;2024-08-29 08:43:29
NORD_EST;Emilia-Romagna;Comune di Maranello;Completato;2024-09-26 12:32:44
NORD_EST;Emilia-Romagna;Comune di Marano Sul Panaro;Mai aperto;
NORD_EST;Friuli-Venezia Giulia;Comune di Marano Lagunare;Mai aperto;
NORD_EST;Veneto;Comune di Marano di Valpolicella;Mai aperto;
NORD_EST;Veneto;Comune di Marano Vicentino;Mai aperto;
NORD_EST;Veneto;Comune di Marcon;Completato;2024-07-18 15:36:34
NORD_EST;Trentino-Alto Adige/Südtirol;Comune di Marebbe;Completato;2024-09-09 08:24:28
NORD_EST;Veneto;Comune di Mareno di Piave;Mai aperto;
NORD_EST;Friuli-Venezia Giulia;Comune di Mariano del Friuli;Mai aperto;
NORD_EST;Trentino-Alto Adige/Südtirol;Comune di Marlengo;Mai aperto;
NORD_EST;Veneto;Comune di Marostica;Completato;2024-09-23 06:12:04
NORD_EST;Veneto;Comune di Martellago;Completato;2024-08-26 11:10:54
NORD_EST;Friuli-Venezia Giulia;Comune di Martignacco;Mai aperto;
NORD_EST;Trentino-Alto Adige/Südtirol;Comune di Perca;Mai aperto;
NORD_EST;Veneto;Comune di Maser;Completato;2024-09-04 10:15:08
NORD_EST;Veneto;Comune di Masera' di Padova;Mai aperto;
NORD_EST;Veneto;Comune di Maserada sul Piave;In compilazione;
NORD_EST;Veneto;Comune di Masi;Mai aperto;
NORD_EST;Emilia-Romagna;Comune di Masi Torello;Completato;2024-09-24 11:07:51
NORD_EST;Emilia-Romagna;Comune di Massa Lombarda;Completato;2024-09-10 15:14:57
NORD_EST;Veneto;Comune di Massanzago;Mai aperto;
NORD_EST;Trentino-Alto Adige/Südtirol;Comune di Massimeno;Mai aperto;
NORD_EST;Trentino-Alto Adige/Südtirol;Comune di Mazzin;Mai aperto;
NORD_EST;Friuli-Venezia Giulia;Comune di Medea;Mai aperto;
NORD_EST;Emilia-Romagna;Comune di Medesano;Mai aperto;
NORD_EST;Emilia-Romagna;Comune di Medicina;Mai aperto;
NORD_EST;Emilia-Romagna;Comune di Medolla;Completato;2024-09-24 13:33:59
NORD_EST;Veneto;Comune di Meduna di Livenza;Mai aperto;
NORD_EST;Friuli-Venezia Giulia;Comune di Meduno;Mai aperto;
NORD_EST;Veneto;Comune di Megliadino San Vitale;Mai aperto;
NORD_EST;Veneto;Comune di Melara;Mai aperto;
NORD_EST;Emilia-Romagna;Comune di Meldola;Completato;2024-09-28 09:24:24
NORD_EST;Veneto;Comune di Silea;In compilazione;
NORD_EST;Trentino-Alto Adige/Südtirol;Comune di Meltina;Mai aperto;
NORD_EST;Veneto;Comune di Meolo;Mai aperto;
NORD_EST;Trentino-Alto Adige/Südtirol;Comune di Merano;Mai aperto;
NORD_EST;Emilia-Romagna;Comune di Novafeltria;Mai aperto;
NORD_EST;Emilia-Romagna;Comune di Mercato Saraceno;In compilazione;
NORD_EST;Friuli-Venezia Giulia;Comune di Mereto di Tomba;Mai aperto;
NORD_EST;Veneto;Comune di Merlara;Completato;2024-09-19 10:37:09
NORD_EST;Emilia-Romagna;Comune di Mesola;Mai aperto;
NORD_EST;Veneto;Comune di Mestrino;Mai aperto;
NORD_EST;Trentino-Alto Adige/Südtirol;Comune di Mezzana;Completato;2024-08-06 08:48:40
NORD_EST;Veneto;Comune di Mezzane di Sotto;Mai aperto;
NORD_EST;Trentino-Alto Adige/Südtirol;Comune di Mezzano;Mai aperto;
NORD_EST;Trentino-Alto Adige/Südtirol;Comune di Mezzocorona;Mai aperto;
NORD_EST;Trentino-Alto Adige/Südtirol;Comune di Mezzolombardo;Mai aperto;
NORD_EST;Veneto;Comune di Miane;Mai aperto;
NORD_EST;Veneto;Comune di Minerbe;Mai aperto;
NORD_EST;Emilia-Romagna;Comune di Minerbio;Completato;2024-08-07 12:24:19
NORD_EST;Veneto;Comune di Mira;Completato;2024-08-13 16:07:27
NORD_EST;Emilia-Romagna;Comune di Mirandola;In compilazione;
NORD_EST;Veneto;Comune di Mirano;Mai aperto;
NORD_EST;Emilia-Romagna;Comune di Modena;Completato;2024-09-04 07:58:59
NORD_EST;Emilia-Romagna;Comune di Modigliana;Completato;2024-09-20 07:48:52
NORD_EST;Trentino-Alto Adige/Südtirol;Comune di Moena;Mai aperto;
NORD_EST;Friuli-Venezia Giulia;Comune di Moggio Udinese;Mai aperto;
NORD_EST;Veneto;Comune di Mogliano Veneto;Completato;2024-09-17 05:55:59
NORD_EST;Friuli-Venezia Giulia;Comune di Moimacco;Mai aperto;
NORD_EST;Emilia-Romagna;Comune di Molinella;Completato;2024-09-26 06:36:08
NORD_EST;Trentino-Alto Adige/Südtirol;Comune di Molveno;Mai aperto;
NORD_EST;Veneto;Comune di Monastier di Treviso;Completato;2024-09-19 08:35:58
NORD_EST;Emilia-Romagna;Comune di Monchio delle Corti;Mai aperto;
NORD_EST;Emilia-Romagna;Comune di Mondaino;Mai aperto;
NORD_EST;Friuli-Venezia Giulia;Comune di Monfalcone;Mai aperto;
NORD_EST;Emilia-Romagna;Comune di Serramazzoni;Mai aperto;
NORD_EST;Veneto;Comune di Monfumo;Mai aperto;
NORD_EST;Emilia-Romagna;Comune di Monghidoro;Completato;2024-08-28 09:40:02
NORD_EST;Trentino-Alto Adige/Südtirol;Comune di Borgata Monguelfo-Tesido;Mai aperto;
NORD_EST;Friuli-Venezia Giulia;Comune di Monrupino Repentabor;Mai aperto;
NORD_EST;Veneto;Comune di Monselice;Completato;2024-09-27 08:54:24
NORD_EST;Trentino-Alto Adige/Südtirol;Montagna sulla strada del vino;Mai aperto;
NORD_EST;Veneto;Comune di Montagnana;Mai aperto;
NORD_EST;Veneto;Comune di Montebello Vicentino;Mai aperto;
NORD_EST;Veneto;Comune di Montebelluna;In compilazione;
NORD_EST;Veneto;Comune di Montecchia di Crosara;Mai aperto;
NORD_EST;Veneto;Comune di Montecchio Maggiore;In compilazione;
NORD_EST;Veneto;Comune di Montecchio Precalcino;Completato;2024-09-04 06:35:24
NORD_EST;Emilia-Romagna;Comune di Montechiarugolo;Completato;2024-09-10 11:01:03
NORD_EST;Emilia-Romagna;Comune di Montecreto;Mai aperto;
NORD_EST;Veneto;Comune di Monte di Malo;Mai aperto;
NORD_EST;Emilia-Romagna;Comune di Montefiore Conca;Mai aperto;
NORD_EST;Emilia-Romagna;Comune di Montefiorino;Completato;2024-09-24 09:23:55
NORD_EST;Veneto;Comune di Monteforte D'Alpone;Completato;2024-09-24 07:57:38
NORD_EST;Veneto;Comune di Montegalda;Mai aperto;
NORD_EST;Veneto;Comune di Montegaldella;Mai aperto;
NORD_EST;Emilia-Romagna;Comune di Montegridolfo;Mai aperto;
NORD_EST;Veneto;Comune di Montegrotto Terme;Mai aperto;
NORD_EST;Friuli-Venezia Giulia;Comune di Montenars;Mai aperto;
NORD_EST;Friuli-Venezia Giulia;Comune di Montereale Valcellina;Mai aperto;
NORD_EST;Emilia-Romagna;Comune di Monterenzio;Mai aperto;
NORD_EST;Emilia-Romagna;Comune di Monte San Pietro;Mai aperto;
NORD_EST;Emilia-Romagna;Comune di Montese;Completato;2024-09-10 06:57:48
NORD_EST;Emilia-Romagna;Comune di Montecchio Emilia;Mai aperto;
NORD_EST;Veneto;Comune di Monteviale;Completato;2024-09-23 09:05:09
NORD_EST;Emilia-Romagna;Comune di Montiano;In compilazione;
NORD_EST;Emilia-Romagna;Comune di Monticelli d'Ongina;Completato;2024-09-04 07:10:01
NORD_EST;Veneto;Comune di Monticello Conte Otto;Mai aperto;
NORD_EST;Veneto;Comune di Montorso Vicentino;Mai aperto;
NORD_EST;Emilia-Romagna;Comune di Monzuno;Mai aperto;
NORD_EST;Friuli-Venezia Giulia;Comune di Moraro;Mai aperto;
NORD_EST;Emilia-Romagna;Comune di Morciano di Romagna;In compilazione;
NORD_EST;Emilia-Romagna;Comune di Mordano;Mai aperto;
NORD_EST;Emilia-Romagna;Comune di Morfasso;Mai aperto;
NORD_EST;Veneto;Comune di Morgano;Completato;2024-09-30 08:53:12
NORD_EST;Trentino-Alto Adige/Südtirol;Comune di Mori;Mai aperto;
NORD_EST;Veneto;Comune di Moriago della Battaglia;Completato;2024-09-13 11:15:54
NORD_EST;Friuli-Venezia Giulia;Comune di Morsano al Tagliamento;Mai aperto;
NORD_EST;Friuli-Venezia Giulia;Comune di Moruzzo;In compilazione;
NORD_EST;Trentino-Alto Adige/Südtirol;Comune di Moso in Passiria;Mai aperto;
NORD_EST;Friuli-Venezia Giulia;Comune di Mossa;Mai aperto;
NORD_EST;Veneto;Comune di Motta di Livenza;Completato;2024-09-27 12:12:39
NORD_EST;Veneto;Comune di Mozzecane;Mai aperto;
NORD_EST;Friuli-Venezia Giulia;Comune di Muggia;Mai aperto;
NORD_EST;Veneto;Comune di Salcedo;Mai aperto;
NORD_EST;Veneto;Comune di Musile di Piave;Completato;2024-09-06 10:33:43
NORD_EST;Veneto;Comune di Mussolente;Completato;2024-09-26 11:17:25
NORD_EST;Friuli-Venezia Giulia;Comune di Muzzana del Turgnano;Mai aperto;
NORD_EST;Trentino-Alto Adige/Südtirol;Comune di Nago-Torbole;Mai aperto;
NORD_EST;Trentino-Alto Adige/Südtirol;Comune di Nalles;Mai aperto;
NORD_EST;Veneto;Comune di Nanto;Mai aperto;
NORD_EST;Trentino-Alto Adige/Südtirol;Comune di Naturno;In compilazione;
NORD_EST;Trentino-Alto Adige/Südtirol;Comune di Naz Sciaves;Mai aperto;
NORD_EST;Veneto;Comune di Negrar di Valpolicella;Completato;2024-09-06 07:34:28
NORD_EST;Veneto;Comune di Nervesa della Battaglia;Mai aperto;
NORD_EST;Emilia-Romagna;Comune di Neviano Degli Arduini;In compilazione;
NORD_EST;Friuli-Venezia Giulia;Comune di Nimis;Mai aperto;
NORD_EST;Veneto;Comune di Noale;Completato;2024-09-02 10:11:30
NORD_EST;Emilia-Romagna;Comune di Noceto;Mai aperto;
NORD_EST;Veneto;Comune di Nogara;Mai aperto;
NORD_EST;Trentino-Alto Adige/Südtirol;Comune di Nogaredo;Mai aperto;
NORD_EST;Veneto;Comune di Nogarole Rocca;Mai aperto;
NORD_EST;Veneto;Comune di Nogarole Vicentino;Mai aperto;
NORD_EST;Trentino-Alto Adige/Südtirol;Comune di Nomi;Mai aperto;
NORD_EST;Emilia-Romagna;Comune di Nonantola;Mai aperto;
NORD_EST;Trentino-Alto Adige/Südtirol;Comune di Novaledo;Completato;2024-09-23 07:16:30
NORD_EST;Trentino-Alto Adige/Südtirol;Comune di Nova Levante;Mai aperto;
NORD_EST;Trentino-Alto Adige/Südtirol;Comune di Nova Ponente;Mai aperto;
NORD_EST;Veneto;Comune di Nove;Completato;2024-09-24 09:39:46
NORD_EST;Emilia-Romagna;Comune di Novellara;Mai aperto;
NORD_EST;Veneto;Comune di Noventa Padovana;Completato;2024-09-19 08:17:57
NORD_EST;Veneto;Comune di Noventa di Piave;Completato;2024-09-03 12:20:55
NORD_EST;Veneto;Comune di Noventa Vicentina;Mai aperto;
NORD_EST;Emilia-Romagna;Comune di Novi di Modena;Completato;2024-09-23 11:58:25
NORD_EST;Veneto;Comune di Occhiobello;In compilazione;
NORD_EST;Veneto;Comune di Oderzo;Mai aperto;
NORD_EST;Veneto;Comune di Oppeano;Mai aperto;
NORD_EST;Trentino-Alto Adige/Südtirol;Comune di Ora;Mai aperto;
NORD_EST;Veneto;Comune di Orgiano;Mai aperto;
NORD_EST;Veneto;Comune di Ormelle;Completato;2024-09-25 09:41:37
NORD_EST;Veneto;Comune di Orsago;Mai aperto;
NORD_EST;Trentino-Alto Adige/Südtirol;Comune di Ortisei;Mai aperto;
NORD_EST;Friuli-Venezia Giulia;Comune di Osoppo;Completato;2024-09-23 10:55:12
NORD_EST;Veneto;Comune di Ospedaletto Euganeo;Mai aperto;
NORD_EST;Trentino-Alto Adige/Südtirol;Comune di Ospedaletto (TN);Mai aperto;
NORD_EST;Veneto;Comune di Ospitale di Cadore;Mai aperto;
NORD_EST;Trentino-Alto Adige/Südtirol;Comune di Ossana;Mai aperto;
NORD_EST;Emilia-Romagna;Comune di Ostellato;Mai aperto;
NORD_EST;Emilia-Romagna;Comune di Ottone;Mai aperto;
NORD_EST;Friuli-Venezia Giulia;Comune di Ovaro;Mai aperto;
NORD_EST;Emilia-Romagna;Comune di Ozzano dell'Emilia;Mai aperto;
NORD_EST;Veneto;Comune di Padova;Completato;2024-08-07 11:50:33
NORD_EST;Veneto;Comune di Paese;Completato;2024-09-27 06:42:17
NORD_EST;Friuli-Venezia Giulia;Comune di Pagnacco;Completato;2024-09-09 08:51:36
NORD_EST;Emilia-Romagna;Comune di Palagano;Completato;2024-09-24 09:23:55
NORD_EST;Emilia-Romagna;Comune di Palanzano;Mai aperto;
NORD_EST;Friuli-Venezia Giulia;Comune di Palazzolo dello Stella;Mai aperto;
NORD_EST;Friuli-Venezia Giulia;Comune di Palmanova;Mai aperto;
NORD_EST;Trentino-Alto Adige/Südtirol;Comune di Palu' del Fersina;Mai aperto;
NORD_EST;Veneto;Comune di Palu';Mai aperto;
NORD_EST;Trentino-Alto Adige/Südtirol;Comune di Plaus;Mai aperto;
NORD_EST;Friuli-Venezia Giulia;Comune di Paluzza;Mai aperto;
NORD_EST;Trentino-Alto Adige/Südtirol;Comune di Panchia';Mai aperto;
NORD_EST;Veneto;Comune di Papozze;Completato;2024-09-04 06:19:51
NORD_EST;Trentino-Alto Adige/Südtirol;Comune di Parcines;Mai aperto;
NORD_EST;Emilia-Romagna;Comune di Parma;Mai aperto;
NORD_EST;Friuli-Venezia Giulia;Comune di Pasian di Prato;Mai aperto;
NORD_EST;Friuli-Venezia Giulia;Comune di Pasiano di Pordenone;Mai aperto;
NORD_EST;Veneto;Comune di Pastrengo;Mai aperto;
NORD_EST;Friuli-Venezia Giulia;Comune di Paularo;Mai aperto;
NORD_EST;Friuli-Venezia Giulia;Comune di Pavia di Udine;Mai aperto;
NORD_EST;Emilia-Romagna;Comune di Pavullo Nel Frignano;Completato;2024-09-30 15:20:35
NORD_EST;Veneto;Comune di Pedavena;Mai aperto;
NORD_EST;Veneto;Comune di Pedemonte;Mai aperto;
NORD_EST;Veneto;Comune di Pederobba;Completato;2024-08-23 10:31:35
NORD_EST;Trentino-Alto Adige/Südtirol;Comune di Peio;Mai aperto;
NORD_EST;Emilia-Romagna;Comune di Pellegrino Parmense;Mai aperto;
NORD_EST;Trentino-Alto Adige/Südtirol;Comune di Pellizzano;Mai aperto;
NORD_EST;Trentino-Alto Adige/Südtirol;Comune di Pelugo;Mai aperto;
NORD_EST;Emilia-Romagna;Comune di Pennabilli;Mai aperto;
NORD_EST;Veneto;Comune di Perarolo di Cadore;Mai aperto;
NORD_EST;Trentino-Alto Adige/Südtirol;Comune di Pergine Valsugana;Completato;2024-09-23 06:13:23
NORD_EST;Veneto;Comune di Pernumia;Mai aperto;
NORD_EST;Emilia-Romagna;Comune di San Giovanni In Persiceto;Mai aperto;
NORD_EST;Veneto;Comune di Pescantina;Mai aperto;
NORD_EST;Veneto;Comune di Peschiera del Garda;Completato;2024-09-17 11:24:01
NORD_EST;Veneto;Comune di Pettorazza Grimani;In compilazione;
NORD_EST;Veneto;Comune di Piacenza D'Adige;Mai aperto;
NORD_EST;Emilia-Romagna;Comune di Piacenza;In compilazione;
NORD_EST;Emilia-Romagna;Comune di Pianello Val Tidone;Mai aperto;
NORD_EST;Veneto;Comune di Pianezze;Mai aperto;
NORD_EST;Veneto;Comune di Pianiga;Mai aperto;
NORD_EST;Emilia-Romagna;Comune di San Benedetto Val di Sambro;Mai aperto;
NORD_EST;Emilia-Romagna;Comune di Pianoro;Mai aperto;
NORD_EST;Veneto;Comune di Piazzola Sul Brenta;In compilazione;
NORD_EST;Veneto;Comune di Pieve di Cadore;Completato;2024-09-16 06:31:25
NORD_EST;Emilia-Romagna;Comune di Pieve di Cento;Completato;2024-09-04 11:10:40
NORD_EST;Veneto;Comune di Pieve di Soligo;Completato;2024-09-26 07:16:59
NORD_EST;Emilia-Romagna;Comune di Pievepelago;Mai aperto;
NORD_EST;Trentino-Alto Adige/Südtirol;Comune di Pieve Tesino;Mai aperto;
NORD_EST;Veneto;Comune di Pincara;Mai aperto;
NORD_EST;Friuli-Venezia Giulia;Comune di Pinzano al Tagliamento;Mai aperto;
NORD_EST;Trentino-Alto Adige/Südtirol;Comune di Pinzolo;Mai aperto;
NORD_EST;Veneto;Comune di Piombino Dese;Mai aperto;
NORD_EST;Veneto;Comune di Piove di Sacco;Completato;2024-09-02 09:11:49
NORD_EST;Veneto;Comune di Piovene Rocchette;Completato;2024-07-29 08:10:32
NORD_EST;Emilia-Romagna;Comune di Piozzano;In compilazione;
NORD_EST;Friuli-Venezia Giulia;Comune di Taipana;Mai aperto;
NORD_EST;Friuli-Venezia Giulia;Comune di Pocenia;Completato;2024-09-24 06:14:22
NORD_EST;Emilia-Romagna;Comune di Podenzano;Mai aperto;
NORD_EST;Emilia-Romagna;Comune di Poggio Renatico;Mai aperto;
NORD_EST;Veneto;Comune di Poiana Maggiore;Completato;2024-08-26 14:44:11
NORD_EST;Friuli-Venezia Giulia;Comune di Polcenigo;Mai aperto;
NORD_EST;Veneto;Comune di Polesella;Mai aperto;
NORD_EST;Emilia-Romagna;Comune di San Pietro In Cerro;Mai aperto;
NORD_EST;Emilia-Romagna;Comune di Polinago;Mai aperto;
NORD_EST;Veneto;Comune di Polverara;Mai aperto;
NORD_EST;Trentino-Alto Adige/Südtirol;Comune di Pomarolo;In compilazione;
NORD_EST;Veneto;Comune di Ponso;Mai aperto;
NORD_EST;Trentino-Alto Adige/Südtirol;Comune di Ponte Gardena;Mai aperto;
NORD_EST;Friuli-Venezia Giulia;Comune di Pontebba;Mai aperto;
NORD_EST;Veneto;Comune di Pontecchio Polesine;Mai aperto;
NORD_EST;Emilia-Romagna;Comune di Ponte dell'Olio;Mai aperto;
NORD_EST;Veneto;Comune di Ponte di Piave;Mai aperto;
NORD_EST;Veneto;Comune di Pontelongo;Mai aperto;
NORD_EST;Emilia-Romagna;Comune di Pontenure;Mai aperto;
NORD_EST;Veneto;Comune di Ponte San Nicolo';Completato;2024-09-23 07:23:09
NORD_EST;Veneto;Comune di Ponzano Veneto;Completato;2024-09-30 08:40:24
NORD_EST;Friuli-Venezia Giulia;Comune di Porcia;Completato;2024-09-27 10:24:49
NORD_EST;Friuli-Venezia Giulia;Comune di Pordenone;Completato;2024-09-12 07:56:49
NORD_EST;Friuli-Venezia Giulia;Comune di Porpetto;Mai aperto;
NORD_EST;Emilia-Romagna;Comune di Portico E San Benedetto;In compilazione;
NORD_EST;Veneto;Comune di Portobuffole';Mai aperto;
NORD_EST;Veneto;Comune di Portogruaro;Completato;2024-09-04 06:16:07
NORD_EST;Emilia-Romagna;Comune di Portomaggiore;Mai aperto;
NORD_EST;Veneto;Comune di Porto Tolle;Completato;2024-09-27 07:57:10
NORD_EST;Veneto;Comune di Porto Viro;Mai aperto;
NORD_EST;Veneto;Comune di Posina;Mai aperto;
NORD_EST;Veneto;Comune di Possagno;Mai aperto;
NORD_EST;Trentino-Alto Adige/Südtirol;Comune di Postal;Mai aperto;
NORD_EST;Veneto;Comune di Pove del Grappa;Mai aperto;
NORD_EST;Veneto;Comune di Povegliano;Mai aperto;
NORD_EST;Veneto;Comune di Povegliano Veronese;Mai aperto;
NORD_EST;Friuli-Venezia Giulia;Comune di Povoletto;Completato;2024-09-30 08:38:17
NORD_EST;Veneto;Comune di Pozzoleone;Mai aperto;
NORD_EST;Veneto;Comune di Pozzonovo;In compilazione;
NORD_EST;Friuli-Venezia Giulia;Comune di Pozzuolo del Friuli;Completato;2024-09-06 12:12:17
NORD_EST;Friuli-Venezia Giulia;Comune di Pradamano;Mai aperto;
NORD_EST;Emilia-Romagna;Comune di Sasso Marconi;Mai aperto;
NORD_EST;Friuli-Venezia Giulia;Comune di Prata di Pordenone;Mai aperto;
NORD_EST;Friuli-Venezia Giulia;Comune di Prato Carnico;Mai aperto;
NORD_EST;Trentino-Alto Adige/Südtirol;Comune di Prato allo Stelvio;Mai aperto;
NORD_EST;Friuli-Venezia Giulia;Comune di Pravisdomini;In compilazione;
NORD_EST;Friuli-Venezia Giulia;Comune di Precenicco;Completato;2024-09-04 14:40:54
NORD_EST;Emilia-Romagna;Comune di Predappio;Completato;2024-09-26 11:26:09
NORD_EST;Trentino-Alto Adige/Südtirol;Comune di Predazzo;Mai aperto;
NORD_EST;Trentino-Alto Adige/Südtirol;Comune di Predoi;Mai aperto;
NORD_EST;Veneto;Comune di Preganziol;In compilazione;
NORD_EST;Friuli-Venezia Giulia;Comune di Premariacco;Mai aperto;
NORD_EST;Emilia-Romagna;Comune di Premilcuore;Completato;2024-09-12 08:59:17
NORD_EST;Friuli-Venezia Giulia;Comune di Prepotto;Completato;2024-09-04 07:38:55
NORD_EST;Veneto;Comune di Pressana;In compilazione;
NORD_EST;Emilia-Romagna;Comune di Prignano sulla Secchia;Completato;2024-09-24 10:03:06
NORD_EST;Friuli-Venezia Giulia;Comune di Pulfero;Completato;2024-08-28 09:16:42
NORD_EST;Veneto;Comune di Quarto D'Altino;Mai aperto;
NORD_EST;Emilia-Romagna;Comune di Quattro Castella;Mai aperto;
NORD_EST;Veneto;Comune di Quinto di Treviso;In compilazione;
NORD_EST;Veneto;Comune di Quinto Vicentino;Mai aperto;
NORD_EST;Trentino-Alto Adige/Südtirol;Comune di Rabbi;Mai aperto;
NORD_EST;Trentino-Alto Adige/Südtirol;Comune di Racines;In compilazione;
NORD_EST;Friuli-Venezia Giulia;Comune di Ragogna;Mai aperto;
NORD_EST;Trentino-Alto Adige/Südtirol;Comune di Rasun Anterselva;Mai aperto;
NORD_EST;Emilia-Romagna;Comune di Ravarino;Mai aperto;
NORD_EST;Friuli-Venezia Giulia;Comune di Ravascletto;Mai aperto;
NORD_EST;Emilia-Romagna;Comune di Ravenna;Completato;2024-09-24 09:51:02
NORD_EST;Friuli-Venezia Giulia;Comune di Raveo;Mai aperto;
NORD_EST;Friuli-Venezia Giulia;Comune di Reana del Rojale;Completato;2024-09-30 07:06:31
NORD_EST;Veneto;Comune di Recoaro Terme;Mai aperto;
NORD_EST;Veneto;Comune di Refrontolo;Mai aperto;
NORD_EST;Emilia-Romagna;Comune di Reggio Emilia;Completato;2024-09-06 07:50:29
NORD_EST;Emilia-Romagna;Comune di Reggiolo;Completato;2024-09-18 05:59:32
NORD_EST;Trentino-Alto Adige/Südtirol;Comune di Renon;Mai aperto;
NORD_EST;Veneto;Comune di Resana;Mai aperto;
NORD_EST;Friuli-Venezia Giulia;Comune di Resia;Mai aperto;
NORD_EST;Friuli-Venezia Giulia;Comune di Resiutta;Mai aperto;
NORD_EST;Veneto;Comune di Revine Lago;Mai aperto;
NORD_EST;Emilia-Romagna;Comune di Riccione;Completato;2024-09-25 09:39:13
NORD_EST;Veneto;Comune di Riese Pio X;Completato;2024-09-30 10:26:43
NORD_EST;Trentino-Alto Adige/Südtirol;Comune di Rifiano;Mai aperto;
NORD_EST;Friuli-Venezia Giulia;Comune di Rigolato;Mai aperto;
NORD_EST;Emilia-Romagna;Comune di Rimini;In compilazione;
NORD_EST;Emilia-Romagna;Comune di Rio Saliceto;Mai aperto;
NORD_EST;Trentino-Alto Adige/Südtirol;Comune di Rio di Pusteria;Mai aperto;
NORD_EST;Emilia-Romagna;Comune di Riolo Terme;Mai aperto;
NORD_EST;Emilia-Romagna;Comune di Riolunato;In compilazione;
NORD_EST;Veneto;Comune di Rivamonte Agordino;In compilazione;
NORD_EST;Trentino-Alto Adige/Südtirol;Comune di Riva del Garda;Mai aperto;
NORD_EST;Friuli-Venezia Giulia;Comune di Rive D'Arcano;Mai aperto;
NORD_EST;Emilia-Romagna;Comune di Rivergaro;Completato;2024-09-13 09:58:03
NORD_EST;Veneto;Comune di Rivoli Veronese;Mai aperto;
NORD_EST;Veneto;Comune di Roana;Completato;2024-09-30 10:12:16
NORD_EST;Veneto;Comune di Rocca Pietore;In compilazione;
NORD_EST;Emilia-Romagna;Comune di Roccabianca;Mai aperto;
NORD_EST;Emilia-Romagna;Comune di Rocca San Casciano;In compilazione;
NORD_EST;Trentino-Alto Adige/Südtirol;Comune di Rodengo;Mai aperto;
NORD_EST;Emilia-Romagna;Comune di Rolo;Mai aperto;
NORD_EST;Veneto;Comune di Romano D'Ezzelino;Completato;2024-09-12 07:04:04
NORD_EST;Friuli-Venezia Giulia;Comune di Romans d'Isonzo;Mai aperto;
NORD_EST;Trentino-Alto Adige/Südtirol;Comune di Romeno;Mai aperto;
NORD_EST;Veneto;Comune di Roncade;Mai aperto;
NORD_EST;Friuli-Venezia Giulia;Comune di Ronchi dei Legionari;Mai aperto;
NORD_EST;Trentino-Alto Adige/Südtirol;Comune di Ronchi Valsugana;Mai aperto;
NORD_EST;Friuli-Venezia Giulia;Comune di Ronchis;Mai aperto;
NORD_EST;Veneto;Comune di Ronco all'Adige;Completato;2024-08-30 09:00:06
NORD_EST;Emilia-Romagna;Comune di Roncofreddo;Mai aperto;
NORD_EST;Trentino-Alto Adige/Südtirol;Comune di Ronzone;Mai aperto;
NORD_EST;Veneto;Comune di Rosa';Completato;2024-08-19 15:15:03
NORD_EST;Veneto;Comune di Rosolina;Completato;2024-09-19 11:38:17
NORD_EST;Veneto;Comune di Rossano Veneto;Completato;2024-07-30 10:24:43
NORD_EST;Emilia-Romagna;Comune di Rottofreno;Mai aperto;
NORD_EST;Veneto;Comune di Rotzo;Mai aperto;
NORD_EST;Veneto;Comune di Roverchiara;Mai aperto;
NORD_EST;Trentino-Alto Adige/Südtirol;Comune di Rovere' della Luna;Completato;2024-09-23 07:26:16
NORD_EST;Veneto;Comune di Rovere Veronese;Completato;2024-09-17 08:57:55
NORD_EST;Friuli-Venezia Giulia;Comune di Roveredo In Piano;Mai aperto;
NORD_EST;Veneto;Comune di Roveredo di Gua';Mai aperto;
NORD_EST;Trentino-Alto Adige/Südtirol;Comune di Rovereto;Completato;2024-09-23 15:46:07
NORD_EST;Veneto;Comune di Rovigo;Completato;2024-09-23 08:53:40
NORD_EST;Veneto;Comune di Rovolon;Mai aperto;
NORD_EST;Veneto;Comune di Rubano;Completato;2024-09-24 16:32:42
NORD_EST;Emilia-Romagna;Comune di Rubiera;Completato;2024-09-24 09:00:40
NORD_EST;Friuli-Venezia Giulia;Comune di Ruda;Mai aperto;
NORD_EST;Trentino-Alto Adige/Südtirol;Comune di Ruffre';Mai aperto;
NORD_EST;Trentino-Alto Adige/Südtirol;Comune di Rumo;Mai aperto;
NORD_EST;Emilia-Romagna;Comune di Russi;In compilazione;
NORD_EST;Veneto;Comune di Saccolongo;Completato;2024-09-06 07:52:10
NORD_EST;Friuli-Venezia Giulia;Comune di Sacile;In compilazione;
NORD_EST;Friuli-Venezia Giulia;Comune di Sagrado;Mai aperto;
NORD_EST;Trentino-Alto Adige/Südtirol;Comune di Sagron Mis;Mai aperto;
NORD_EST;Emilia-Romagna;Comune di Sala Bolognese;Completato;2024-09-26 09:19:41
NORD_EST;Emilia-Romagna;Comune di Sala Baganza;Mai aperto;
NORD_EST;Veneto;Comune di Salara;Mai aperto;
NORD_EST;Veneto;Comune di Salgareda;Completato;2024-09-23 05:43:53
NORD_EST;Veneto;Comune di San Mauro di Saline;Mai aperto;
NORD_EST;Veneto;Comune di Salizzole;Completato;2024-09-27 16:12:34
NORD_EST;Trentino-Alto Adige/Südtirol;Comune di Salorno;Mai aperto;
NORD_EST;Emilia-Romagna;Comune di Salsomaggiore Terme;Completato;2024-09-27 08:01:47
NORD_EST;Emilia-Romagna;Comune di Saludecio;Mai aperto;
NORD_EST;Veneto;Comune di Salzano;Completato;2024-09-27 10:44:36
NORD_EST;Trentino-Alto Adige/Südtirol;Comune di Samone;Mai aperto;
NORD_EST;Veneto;Comune di San Bellino;In compilazione;
NORD_EST;Veneto;Comune di San Biagio di Callalta;Completato;2024-09-13 11:08:26
NORD_EST;Veneto;Comune di San Bonifacio;Completato;2024-09-26 10:46:43
NORD_EST;Trentino-Alto Adige/Südtirol;Comune di San Candido;Completato;2024-09-08 07:54:24
NORD_EST;Friuli-Venezia Giulia;Comune di San Canzian d'Isonzo;Completato;2024-09-06 09:44:44
NORD_EST;Emilia-Romagna;Comune di San Cesario Sul Panaro;Mai aperto;
NORD_EST;Emilia-Romagna;Comune di San Clemente;Mai aperto;
NORD_EST;Friuli-Venezia Giulia;Comune di San Daniele del Friuli;Mai aperto;
NORD_EST;Veneto;Comune di San Dona' di Piave;Completato;2024-07-22 10:38:46
NORD_EST;Veneto;Comune di Sandrigo;Mai aperto;
NORD_EST;Emilia-Romagna;Comune di San Felice Sul Panaro;Completato;2024-09-24 13:44:33
NORD_EST;Veneto;Comune di San Fior;In compilazione;
NORD_EST;Friuli-Venezia Giulia;Comune di San Floriano del Collio;Mai aperto;
NORD_EST;Trentino-Alto Adige/Südtirol;Comune di San Genesio Atesino;Mai aperto;
NORD_EST;Emilia-Romagna;Comune di San Giorgio Piacentino;Mai aperto;
NORD_EST;Friuli-Venezia Giulia;Comune di San Giorgio della Richinvelda;Completato;2024-09-11 13:30:01
NORD_EST;Veneto;Comune di San Giorgio delle Pertiche;In compilazione;
NORD_EST;Friuli-Venezia Giulia;Comune di San Giorgio di Nogaro;Mai aperto;
NORD_EST;Emilia-Romagna;Comune di San Giorgio di Piano;Mai aperto;
NORD_EST;Veneto;Comune di San Giorgio In Bosco;Completato;2024-09-27 07:50:07
NORD_EST;Friuli-Venezia Giulia;Comune di San Giovanni Al Natisone;Mai aperto;
NORD_EST;Veneto;Comune di San Giovanni Ilarione;Mai aperto;
NORD_EST;Emilia-Romagna;Comune di San Giovanni in Marignano;Mai aperto;
NORD_EST;Veneto;Comune di San Giovanni Lupatoto;Mai aperto;
NORD_EST;Veneto;Comune di San Gregorio nelle Alpi;Completato;2024-09-24 07:28:10
NORD_EST;Veneto;Comune di Sanguinetto;Completato;2024-09-16 10:41:32
NORD_EST;Emilia-Romagna;Comune di San Lazzaro di Savena;Completato;2024-09-30 08:26:14
NORD_EST;Emilia-Romagna;Comune di San Leo;Mai aperto;
NORD_EST;Friuli-Venezia Giulia;Comune di San Leonardo;Completato;2024-09-30 09:59:48
NORD_EST;Trentino-Alto Adige/Südtirol;Comune di San Leonardo in Passiria;Mai aperto;
NORD_EST;Trentino-Alto Adige/Südtirol;Comune di San Lorenzo di Sebato;Mai aperto;
NORD_EST;Friuli-Venezia Giulia;Comune di San Lorenzo Isontino;Mai aperto;
NORD_EST;Trentino-Alto Adige/Südtirol;Comune di San Martino In Badia;Mai aperto;
NORD_EST;Trentino-Alto Adige/Südtirol;Comune di San Martino in Passiria;Mai aperto;
NORD_EST;Veneto;Comune di San Martino di Venezze;Completato;2024-09-03 15:24:45
NORD_EST;Friuli-Venezia Giulia;Comune di San Martino al Tagliamento;In compilazione;
NORD_EST;Veneto;Comune di San Martino Buon Albergo;Completato;2024-09-20 10:41:43
NORD_EST;Veneto;Comune di San Martino di Lupari;Mai aperto;
NORD_EST;Emilia-Romagna;Comune di San Martino In Rio;Mai aperto;
NORD_EST;Emilia-Romagna;Comune di San Mauro Pascoli;Mai aperto;
NORD_EST;Veneto;Comune di San Michele Al Tagliamento;Mai aperto;
NORD_EST;Trentino-Alto Adige/Südtirol;Comune di San Michele all'Adige;Mai aperto;
NORD_EST;Veneto;Comune di San Nicolo' di Comelico;Mai aperto;
NORD_EST;Trentino-Alto Adige/Südtirol;Comune di San Pancrazio;Mai aperto;
NORD_EST;Friuli-Venezia Giulia;Comune di San Pier d'Isonzo;In compilazione;
NORD_EST;Friuli-Venezia Giulia;Comune di San Pietro Al Natisone;Mai aperto;
NORD_EST;Veneto;Comune di San Pietro di Feletto;In compilazione;
NORD_EST;Veneto;Comune di San Pietro di Morubio;Mai aperto;
NORD_EST;Veneto;Comune di San Pietro In Gu;Mai aperto;
NORD_EST;Veneto;Comune di San Pietro In Cariano;Completato;2024-09-04 08:29:15
NORD_EST;Emilia-Romagna;Comune di San Pietro In Casale;Completato;2024-09-05 10:04:24
NORD_EST;Veneto;Comune di San Pietro Mussolino;Completato;2024-09-02 16:21:59
NORD_EST;Veneto;Comune di San Pietro Viminario;In compilazione;
NORD_EST;Emilia-Romagna;Comune di San Polo D'Enza;Completato;2024-09-24 08:44:38
NORD_EST;Veneto;Comune di San Polo di Piave;Mai aperto;
NORD_EST;Emilia-Romagna;Comune di San Possidonio;Completato;2024-09-24 13:51:19
NORD_EST;Emilia-Romagna;Comune di San Prospero;Completato;2024-09-24 13:59:52
NORD_EST;Friuli-Venezia Giulia;Comune di San Quirino;Mai aperto;
NORD_EST;Emilia-Romagna;Comune di San Secondo Parmense;Mai aperto;
NORD_EST;Trentino-Alto Adige/Südtirol;Comune di Santa Cristina Valgardena;Mai aperto;
NORD_EST;Emilia-Romagna;Comune di Sant'Agata Bolognese;Mai aperto;
NORD_EST;Emilia-Romagna;Comune di Sant'Agata Sul Santerno;Completato;2024-09-10 15:24:33
NORD_EST;Emilia-Romagna;Comune di Sant'Agata Feltria;Mai aperto;
NORD_EST;Veneto;Comune di Santa Giustina;In compilazione;
NORD_EST;Veneto;Comune di Santa Giustina in Colle;Mai aperto;
NORD_EST;Veneto;Comune di Santa Lucia di Piave;Completato;2024-09-18 09:19:04
NORD_EST;Veneto;Comune di Santa Maria di Sala;Completato;2024-09-04 09:46:58
NORD_EST;Friuli-Venezia Giulia;Comune di Santa Maria La Longa;Mai aperto;
NORD_EST;Veneto;Comune di Sant'Ambrogio di Valpolicella;Mai aperto;
NORD_EST;Veneto;Comune di Sant'Angelo di Piove di Sacco;Completato;2024-08-06 08:13:26
NORD_EST;Emilia-Romagna;Comune di Santarcangelo di Romagna;Mai aperto;
NORD_EST;Emilia-Romagna;Comune di Santa Sofia;Completato;2024-09-27 09:02:00
NORD_EST;Veneto;Comune di Sant'Elena;In compilazione;
NORD_EST;Emilia-Romagna;Comune di Sant'Ilario D'Enza;Mai aperto;
NORD_EST;Veneto;Comune di San Tomaso Agordino;Mai aperto;
NORD_EST;Veneto;Comune di Santorso;Mai aperto;
NORD_EST;Trentino-Alto Adige/Südtirol;Comune di Sant'Orsola Terme;Completato;2024-09-09 07:38:48
NORD_EST;Veneto;Comune di San Stino di Livenza;Completato;2024-09-23 08:57:57
NORD_EST;Veneto;Comune di Sant'Urbano;Mai aperto;
NORD_EST;Veneto;Comune di San Vendemiano;Completato;2024-09-20 11:26:41
NORD_EST;Veneto;Comune di San Vito di Leguzzano;Mai aperto;
NORD_EST;Friuli-Venezia Giulia;Comune di San Vito Al Tagliamento;Completato;2024-09-05 07:50:46
NORD_EST;Friuli-Venezia Giulia;Comune di San Vito Al Torre;Mai aperto;
NORD_EST;Friuli-Venezia Giulia;Comune di San Vito di Fagagna;Mai aperto;
NORD_EST;Trentino-Alto Adige/Südtirol;Comune di Sanzeno;Mai aperto;
NORD_EST;Veneto;Comune di San Zeno di Montagna;Mai aperto;
NORD_EST;Veneto;Comune di San Zenone degli Ezzelini;Completato;2024-09-23 07:26:09
NORD_EST;Veneto;Comune di Saonara;In compilazione;
NORD_EST;Friuli-Venezia Giulia;Comune di Sappada;Mai aperto;
NORD_EST;Veneto;Comune di Sarcedo;Completato;2024-07-19 09:14:00
NORD_EST;Veneto;Comune di Sarego;Mai aperto;
NORD_EST;Trentino-Alto Adige/Südtirol;Comune di Sarentino;Mai aperto;
NORD_EST;Emilia-Romagna;Comune di Sarmato;Mai aperto;
NORD_EST;Veneto;Comune di Sarmede;Mai aperto;
NORD_EST;Trentino-Alto Adige/Südtirol;Comune di Sarnonico;Mai aperto;
NORD_EST;Emilia-Romagna;Comune di Sarsina;In compilazione;
NORD_EST;Emilia-Romagna;Comune di Sassuolo;Completato;2024-09-26 12:38:56
NORD_EST;Friuli-Venezia Giulia;Comune di Sauris;In compilazione;
NORD_EST;Emilia-Romagna;Comune di Savignano sul Rubicone;Mai aperto;
NORD_EST;Emilia-Romagna;Comune di Savignano sul Panaro;Mai aperto;
NORD_EST;Friuli-Venezia Giulia;Comune di Savogna;Mai aperto;
NORD_EST;Emilia-Romagna;Comune di Scandiano;Completato;2024-09-24 10:15:21
NORD_EST;Trentino-Alto Adige/Südtirol;Comune di Scena;Mai aperto;
NORD_EST;Veneto;Comune di Schiavon;Mai aperto;
NORD_EST;Veneto;Comune di Schio;Mai aperto;
NORD_EST;Veneto;Comune di Scorze';Completato;2024-08-26 08:27:14
NORD_EST;Trentino-Alto Adige/Südtirol;Comune di Scurelle;Mai aperto;
NORD_EST;Friuli-Venezia Giulia;Comune di Sedegliano;Mai aperto;
NORD_EST;Veneto;Comune di Sedico;In compilazione;
NORD_EST;Trentino-Alto Adige/Südtirol;Comune di Segonzano;Mai aperto;
NORD_EST;Veneto;Comune di Segusino;Mai aperto;
NORD_EST;Trentino-Alto Adige/Südtirol;Comune di Selva di Val Gardena;Mai aperto;
NORD_EST;Veneto;Comune di Selva di Cadore;Mai aperto;
NORD_EST;Trentino-Alto Adige/Südtirol;Comune di Selva Dei Molini;Mai aperto;
NORD_EST;Veneto;Comune di Selva di Progno;Mai aperto;
NORD_EST;Veneto;Comune di Selvazzano Dentro;Completato;2024-09-27 11:36:18
NORD_EST;Trentino-Alto Adige/Südtirol;Comune di Senale - San Felice;Mai aperto;
NORD_EST;Trentino-Alto Adige/Südtirol;Comune di Senales;Mai aperto;
NORD_EST;Friuli-Venezia Giulia;Comune di Sequals;Mai aperto;
NORD_EST;Veneto;Comune di Seren del Grappa;Mai aperto;
NORD_EST;Veneto;Comune di Sernaglia della Battaglia;Mai aperto;
NORD_EST;Veneto;Comune di Sovramonte;Mai aperto;
NORD_EST;Friuli-Venezia Giulia;Comune di Sesto al Reghena;Completato;2024-09-02 09:04:31
NORD_EST;Trentino-Alto Adige/Südtirol;Comune di Sesto Pusteria;Mai aperto;
NORD_EST;Emilia-Romagna;Comune di Sestola;Mai aperto;
NORD_EST;Trentino-Alto Adige/Südtirol;Comune di Sfruz;Mai aperto;
NORD_EST;Friuli-Venezia Giulia;Comune di Sgonico;Mai aperto;
NORD_EST;Trentino-Alto Adige/Südtirol;Comune di Silandro;Mai aperto;
NORD_EST;Trentino-Alto Adige/Südtirol;Comune di Sluderno;Mai aperto;
NORD_EST;Veneto;Comune di Soave;Mai aperto;
NORD_EST;Friuli-Venezia Giulia;Comune di Socchieve;Mai aperto;
NORD_EST;Emilia-Romagna;Comune di Sogliano al Rubicone;In compilazione;
NORD_EST;Veneto;Comune di Solagna;Mai aperto;
NORD_EST;Emilia-Romagna;Comune di Solarolo;Mai aperto;
NORD_EST;Veneto;Comune di Solesino;Mai aperto;
NORD_EST;Emilia-Romagna;Comune di Soliera;Completato;2024-09-23 09:43:29
NORD_EST;Emilia-Romagna;Comune di Solignano;Mai aperto;
NORD_EST;Veneto;Comune di Sommacampagna;Completato;2024-07-19 08:47:56
NORD_EST;Veneto;Comune di Sona;Mai aperto;
NORD_EST;Trentino-Alto Adige/Südtirol;Comune di Soraga di Fassa;In compilazione;
NORD_EST;Emilia-Romagna;Comune di Soragna;Mai aperto;
NORD_EST;Veneto;Comune di Sorga';Mai aperto;
NORD_EST;Veneto;Comune di Sospirolo;Mai aperto;
NORD_EST;Veneto;Comune di Sossano;Mai aperto;
NORD_EST;Trentino-Alto Adige/Südtirol;Comune di Sover;Mai aperto;
NORD_EST;Veneto;Comune di Soverzene;Mai aperto;
NORD_EST;Trentino-Alto Adige/Südtirol;Comune di Spiazzo;Mai aperto;
NORD_EST;Friuli-Venezia Giulia;Comune di Spilimbergo;Completato;2024-09-30 16:45:31
NORD_EST;Veneto;Comune di Spinea;Completato;2024-09-27 13:27:28
NORD_EST;Trentino-Alto Adige/Südtirol;Comune di Sporminore;Completato;2024-09-30 07:38:33
NORD_EST;Veneto;Comune di Spresiano;In compilazione;
NORD_EST;Veneto;Comune di Sant'anna D'Alfaedo;Completato;2024-09-23 09:30:24
NORD_EST;Veneto;Comune di Stanghella;Mai aperto;
NORD_EST;Friuli-Venezia Giulia;Comune di Staranzano;Mai aperto;
NORD_EST;Trentino-Alto Adige/Südtirol;Comune di Stelvio;Mai aperto;
NORD_EST;Trentino-Alto Adige/Südtirol;Comune di Stenico;Mai aperto;
NORD_EST;Veneto;Comune di Stienta;Completato;2024-09-18 14:43:48
NORD_EST;Trentino-Alto Adige/Südtirol;Comune di Storo;Mai aperto;
NORD_EST;Veneto;Comune di Stra;Mai aperto;
NORD_EST;Friuli-Venezia Giulia;Comune di Stregna;Mai aperto;
NORD_EST;Trentino-Alto Adige/Südtirol;Comune di Strembo;Mai aperto;
NORD_EST;Veneto;Comune di Susegana;Mai aperto;
NORD_EST;Friuli-Venezia Giulia;Comune di Sutrio;Mai aperto;
NORD_EST;Veneto;Comune di Taglio di Po;Completato;2024-09-12 13:37:34
NORD_EST;Veneto;Comune di Taibon Agordino;In compilazione;
NORD_EST;Emilia-Romagna;Comune di Talamello;Mai aperto;
NORD_EST;Friuli-Venezia Giulia;Comune di Talmassons;Mai aperto;
NORD_EST;Veneto;Comune di Tambre;Mai aperto;
NORD_EST;Friuli-Venezia Giulia;Comune di Tarcento;Mai aperto;
NORD_EST;Friuli-Venezia Giulia;Comune di Tarvisio;Mai aperto;
NORD_EST;Veneto;Comune di Tarzo;Completato;2024-09-12 14:37:23
NORD_EST;Friuli-Venezia Giulia;Comune di Tavagnacco;Mai aperto;
NORD_EST;Friuli-Venezia Giulia;Comune di Savogna d'Isonzo Sovodnje ob Soci;Mai aperto;
NORD_EST;Veneto;Comune di Teglio Veneto;Completato;2024-09-27 11:55:38
NORD_EST;Trentino-Alto Adige/Südtirol;Comune di Telve;Mai aperto;
NORD_EST;Trentino-Alto Adige/Südtirol;Comune di Telve di Sopra;Mai aperto;
NORD_EST;Trentino-Alto Adige/Südtirol;Comune di Tenna;Mai aperto;
NORD_EST;Trentino-Alto Adige/Südtirol;Comune di Tenno;Mai aperto;
NORD_EST;Veneto;Comune di Teolo;Mai aperto;
NORD_EST;Trentino-Alto Adige/Südtirol;Comune di Terento;Completato;2024-09-04 06:14:26
NORD_EST;Trentino-Alto Adige/Südtirol;Comune di Terlano;Mai aperto;
NORD_EST;Trentino-Alto Adige/Südtirol;Comune di Termeno sulla Strada del Vino;In compilazione;
NORD_EST;Trentino-Alto Adige/Südtirol;Comune di Terragnolo;Mai aperto;
NORD_EST;Veneto;Comune di Terrassa Padovana;Mai aperto;
NORD_EST;Veneto;Comune di Terrazzo;Mai aperto;
NORD_EST;Friuli-Venezia Giulia;Comune di Terzo di Aquileia;Mai aperto;
NORD_EST;Trentino-Alto Adige/Südtirol;Comune di Terzolas;Mai aperto;
NORD_EST;Trentino-Alto Adige/Südtirol;Comune di Tesero;Mai aperto;
NORD_EST;Trentino-Alto Adige/Südtirol;Comune di Tesimo;Mai aperto;
NORD_EST;Veneto;Comune di Tezze sul Brenta;Completato;2024-08-21 06:23:35
NORD_EST;Veneto;Comune di Thiene;Completato;2024-09-30 13:06:35
NORD_EST;Trentino-Alto Adige/Südtirol;Comune di Tione di Trento;Completato;2024-09-19 08:17:50
NORD_EST;Trentino-Alto Adige/Südtirol;Comune di Tires;Completato;2024-08-23 08:17:44
NORD_EST;Trentino-Alto Adige/Südtirol;Comune di Tirolo;Mai aperto;
NORD_EST;Emilia-Romagna;Comune di Tizzano Val Parma;Mai aperto;
NORD_EST;Emilia-Romagna;Comune di Toano;Mai aperto;
NORD_EST;Friuli-Venezia Giulia;Comune di Tolmezzo;Mai aperto;
NORD_EST;Veneto;Comune di Tombolo;In compilazione;
NORD_EST;Trentino-Alto Adige/Südtirol;Comune di Ton;Completato;2024-09-04 07:10:40
NORD_EST;Trentino-Alto Adige/Südtirol;Comune di Torcegno;Mai aperto;
NORD_EST;Emilia-Romagna;Comune di Tornolo;Mai aperto;
NORD_EST;Friuli-Venezia Giulia;Comune di Torreano;Mai aperto;
NORD_EST;Veneto;Comune di Torrebelvicino;Mai aperto;
NORD_EST;Veneto;Comune di Torre di Mosto;Mai aperto;
NORD_EST;Veneto;Comune di Torreglia;Completato;2024-09-30 13:12:00
NORD_EST;Veneto;Comune di Torri del Benaco;Mai aperto;
NORD_EST;Veneto;Comune di Torri di Quartesolo;In compilazione;
NORD_EST;Emilia-Romagna;Comune di Torrile;Completato;2024-09-23 09:53:42
NORD_EST;Friuli-Venezia Giulia;Comune di Torviscosa;Mai aperto;
NORD_EST;Trentino-Alto Adige/Südtirol;Comune di Trambileno;Mai aperto;
NORD_EST;Friuli-Venezia Giulia;Comune di Tramonti di Sopra;Mai aperto;
NORD_EST;Friuli-Venezia Giulia;Comune di Tramonti di Sotto;Mai aperto;
NORD_EST;Friuli-Venezia Giulia;Comune di Trasaghis;Mai aperto;
NORD_EST;Emilia-Romagna;Comune di Traversetolo;Mai aperto;
NORD_EST;Friuli-Venezia Giulia;Comune di Travesio;Mai aperto;
NORD_EST;Emilia-Romagna;Comune di Travo;Mai aperto;
NORD_EST;Veneto;Comune di Trebaseleghe;Completato;2024-09-05 07:23:38
NORD_EST;Veneto;Comune di Trecenta;Completato;2024-09-05 16:50:41
NORD_EST;Emilia-Romagna;Comune di Tredozio;Mai aperto;
NORD_EST;Veneto;Comune di Tregnago;Mai aperto;
NORD_EST;Trentino-Alto Adige/Südtirol;Comune di Trento;Completato;2024-09-23 07:11:46
NORD_EST;Friuli-Venezia Giulia;Comune di Treppo Grande;Completato;2024-09-13 11:01:29
NORD_EST;Veneto;Comune di Trevenzuolo;Completato;2024-09-16 11:45:14
NORD_EST;Veneto;Comune di Treviso;Completato;2024-09-27 09:53:48
NORD_EST;Veneto;Comune di Tribano;Mai aperto;
NORD_EST;Friuli-Venezia Giulia;Comune di Tricesimo;Mai aperto;
NORD_EST;Friuli-Venezia Giulia;Comune di Trieste;Completato;2024-09-23 05:36:05
NORD_EST;Veneto;Comune di Trissino;Mai aperto;
NORD_EST;Friuli-Venezia Giulia;Comune di Trivignano Udinese;In compilazione;
NORD_EST;Trentino-Alto Adige/Südtirol;Comune di Trodena nel Parco naturale - Truden im Naturpark;Completato;2024-09-06 08:20:02
NORD_EST;Trentino-Alto Adige/Südtirol;Comune di Tubre;In compilazione;
NORD_EST;Friuli-Venezia Giulia;Comune di Turriaco;In compilazione;
NORD_EST;Friuli-Venezia Giulia;Comune di Udine;Completato;2024-09-27 12:36:46
NORD_EST;Trentino-Alto Adige/Südtirol;Comune di Ultimo;Mai aperto;
NORD_EST;Veneto;Comune di Urbana;Mai aperto;
NORD_EST;Trentino-Alto Adige/Südtirol;Comune di Vadena;Mai aperto;
NORD_EST;Veneto;Comune di Valdagno;Completato;2024-08-29 14:37:17
NORD_EST;Trentino-Alto Adige/Südtirol;Comune di Valdaora;Mai aperto;
NORD_EST;Veneto;Comune di Valdastico;Completato;2024-09-06 08:43:33
NORD_EST;Trentino-Alto Adige/Südtirol;Comune di Val di Vizze;Mai aperto;
NORD_EST;Veneto;Comune di Valdobbiadene;Completato;2024-09-26 16:00:47
NORD_EST;Veneto;Comune di Valeggio Sul Mincio;Mai aperto;
NORD_EST;Trentino-Alto Adige/Südtirol;Comune di Valfloriana;Mai aperto;
NORD_EST;Veneto;Comune di Vallada Agordina;Mai aperto;
NORD_EST;Trentino-Alto Adige/Südtirol;Comune di Vallarsa;Mai aperto;
NORD_EST;Veneto;Comune di Valle di Cadore;Completato;2024-09-09 15:49:59
NORD_EST;Trentino-Alto Adige/Südtirol;Comune di Valle Aurina;Mai aperto;
NORD_EST;Veneto;Comune di Valli del Pasubio;Completato;2024-09-30 16:46:17
NORD_EST;Emilia-Romagna;Comune di Valmozzola;Completato;2024-09-27 09:48:43
NORD_EST;Trentino-Alto Adige/Südtirol;Comune di Vandoies;Mai aperto;
NORD_EST;Emilia-Romagna;Comune di Varano de'  Melegari;Mai aperto;
NORD_EST;Trentino-Alto Adige/Südtirol;Comune di Varna;Mai aperto;
NORD_EST;Emilia-Romagna;Comune di Varsi;Mai aperto;
NORD_EST;Veneto;Comune di Vazzola;Mai aperto;
NORD_EST;Veneto;Comune di Vedelago;In compilazione;
NORD_EST;Veneto;Comune di Veggiano;Mai aperto;
NORD_EST;Veneto;Comune di Velo Veronese;Mai aperto;
NORD_EST;Veneto;Comune di Velo D'Astico;Mai aperto;
NORD_EST;Trentino-Alto Adige/Südtirol;Comune di Velturno;Completato;2024-09-26 11:21:32
NORD_EST;Veneto;Comune di Venezia;In compilazione;
NORD_EST;Friuli-Venezia Giulia;Comune di Venzone;Completato;2024-09-23 13:59:44
NORD_EST;Trentino-Alto Adige/Südtirol;Comune di Verano;Mai aperto;
NORD_EST;Emilia-Romagna;Comune di Vergato;Completato;2024-09-23 07:57:01
NORD_EST;Emilia-Romagna;Comune di Verghereto;In compilazione;
NORD_EST;Trentino-Alto Adige/Südtirol;Comune di Vermiglio;Mai aperto;
NORD_EST;Emilia-Romagna;Comune di Vernasca;Mai aperto;
NORD_EST;Veneto;Comune di Verona;Completato;2024-07-23 12:44:52
NORD_EST;Emilia-Romagna;Comune di Verucchio;Mai aperto;
NORD_EST;Friuli-Venezia Giulia;Comune di Verzegnis;Mai aperto;
NORD_EST;Veneto;Comune di Vescovana;Completato;2024-09-30 10:17:30
NORD_EST;Veneto;Comune di Vestenanova;Mai aperto;
NORD_EST;Emilia-Romagna;Comune di Vetto;Mai aperto;
NORD_EST;Emilia-Romagna;Comune di Vezzano Sul Crostolo;Mai aperto;
NORD_EST;Emilia-Romagna;Comune di Viano;Completato;2024-09-24 10:24:52
NORD_EST;Veneto;Comune di Vicenza;Completato;2024-09-28 05:59:04
NORD_EST;Emilia-Romagna;Comune di Ziano Piacentino;Mai aperto;
NORD_EST;Veneto;Comune di Vidor;Mai aperto;
NORD_EST;Emilia-Romagna;Comune di Vigarano Mainarda;Mai aperto;
NORD_EST;Veneto;Comune di Vigasio;Mai aperto;
NORD_EST;Emilia-Romagna;Comune di Vignola;Completato;2024-09-27 14:48:49
NORD_EST;Trentino-Alto Adige/Südtirol;Comune di Vignola Falesina;Mai aperto;
NORD_EST;Veneto;Comune di Vigo di Cadore;Completato;2024-09-26 11:57:30
NORD_EST;Veneto;Comune di Vigodarzere;Mai aperto;
NORD_EST;Emilia-Romagna;Comune di Vigolzone;Completato;2024-09-04 06:55:07
NORD_EST;Veneto;Comune di Vigonovo;Completato;2024-09-24 08:14:16
NORD_EST;Veneto;Comune di Vigonza;Completato;2024-09-18 10:28:17
NORD_EST;Emilia-Romagna;Comune di Spilamberto;Completato;2024-09-26 16:01:29
NORD_EST;Friuli-Venezia Giulia;Comune di Villa Santina;Mai aperto;
NORD_EST;Veneto;Comune di Villa Bartolomea;Mai aperto;
NORD_EST;Trentino-Alto Adige/Südtirol;Comune di Villabassa;Mai aperto;
NORD_EST;Veneto;Comune di Villa del Conte;Mai aperto;
NORD_EST;Veneto;Comune di Villa Estense;Completato;2024-09-17 09:52:48
NORD_EST;Veneto;Comune di Villadose;Mai aperto;
NORD_EST;Veneto;Comune di Villafranca Padovana;Completato;2024-09-09 07:41:56
NORD_EST;Veneto;Comune di Villafranca di Verona;Completato;2024-09-30 11:09:41
NORD_EST;Veneto;Comune di Villaga;Mai aperto;
NORD_EST;Veneto;Comune di Villamarzana;Mai aperto;
NORD_EST;Emilia-Romagna;Comune di Villa Minozzo;Mai aperto;
NORD_EST;Trentino-Alto Adige/Südtirol;Comune di Villandro;Mai aperto;
NORD_EST;Veneto;Comune di Villanova di Camposampiero;Completato;2024-07-30 10:26:57
NORD_EST;Emilia-Romagna;Comune di Villanova Sull'Arda;Mai aperto;
NORD_EST;Veneto;Comune di Villanova del Ghebbo;Mai aperto;
NORD_EST;Veneto;Comune di Villanova Marchesana;Mai aperto;
NORD_EST;Veneto;Comune di Villaverla;Mai aperto;
NORD_EST;Friuli-Venezia Giulia;Comune di Villesse;Mai aperto;
NORD_EST;Veneto;Comune di Villorba;Completato;2024-09-11 08:10:46
NORD_EST;Trentino-Alto Adige/Südtirol;Comune di Vipiteno;Mai aperto;
NORD_EST;Friuli-Venezia Giulia;Comune di Visco;Completato;2024-09-04 06:59:22
NORD_EST;Friuli-Venezia Giulia;Comune di Vito D'Asio;Mai aperto;
NORD_EST;Veneto;Comune di Vittorio Veneto;Mai aperto;
NORD_EST;Friuli-Venezia Giulia;Comune di Vivaro;Mai aperto;
NORD_EST;Veneto;Comune di Vo';Completato;2024-09-10 08:09:11
NORD_EST;Veneto;Comune di Vodo Cadore;Mai aperto;
NORD_EST;Emilia-Romagna;Comune di Voghiera;In compilazione;
NORD_EST;Trentino-Alto Adige/Südtirol;Comune di Volano;Mai aperto;
NORD_EST;Veneto;Comune di Volpago del Montello;Mai aperto;
NORD_EST;Veneto;Comune di Voltago Agordino;Mai aperto;
NORD_EST;Veneto;Comune di Zane';In compilazione;
NORD_EST;Veneto;Comune di Zenson di Piave;Mai aperto;
NORD_EST;Emilia-Romagna;Comune di Zerba;Mai aperto;
NORD_EST;Veneto;Comune di Zermeghedo;Mai aperto;
NORD_EST;Veneto;Comune di Zero Branco;Mai aperto;
NORD_EST;Veneto;Comune di Zevio;Mai aperto;
NORD_EST;Trentino-Alto Adige/Südtirol;Comune di Ziano di Fiemme;Mai aperto;
NORD_EST;Veneto;Comune di Zimella;Mai aperto;
NORD_EST;Emilia-Romagna;Comune di Zocca;Mai aperto;
NORD_EST;Emilia-Romagna;Comune di Zola Predosa;Completato;2024-09-12 11:27:34
NORD_EST;Veneto;Comune di Zoppe' di Cadore;Mai aperto;
NORD_EST;Friuli-Venezia Giulia;Comune di Zoppola;Completato;2024-09-24 07:35:14
NORD_EST;Veneto;Comune di Zovencedo;Mai aperto;
NORD_EST;Veneto;Comune di Zugliano;Completato;2024-09-05 08:56:45
NORD_EST;Friuli-Venezia Giulia;Comune di Zuglio;Mai aperto;
NORD_EST;Friuli-Venezia Giulia;Comune di Vajont;Mai aperto;
NORD_EST;Veneto;Comune di Due Carrare;Mai aperto;
NORD_EST;Trentino-Alto Adige/Südtirol;Comune di Ronzo Chienis;Mai aperto;
NORD_EST;Veneto;Comune di Cavallino-Treporti;Mai aperto;
NORD_EST;Friuli-Venezia Giulia;Comune di Campolongo Tapogliano;Mai aperto;
NORD_EST;Trentino-Alto Adige/Südtirol;Comune di Ledro;Mai aperto;
NORD_EST;Trentino-Alto Adige/Südtirol;Comune di Comano Terme;Mai aperto;
NORD_EST;Friuli-Venezia Giulia;Comune di Rivignano Teor;Mai aperto;
NORD_EST;Emilia-Romagna;Comune di Fiscaglia;In compilazione;
NORD_EST;Emilia-Romagna;Comune di Poggio Torriana;Mai aperto;
NORD_EST;Trentino-Alto Adige/Südtirol;Comune di Predaia;Mai aperto;
NORD_EST;Trentino-Alto Adige/Südtirol;Comune di San Lorenzo Dorsino;Completato;2024-09-05 13:03:16
NORD_EST;Friuli-Venezia Giulia;Comune di Valvasone Arzene;Mai aperto;
NORD_EST;Trentino-Alto Adige/Südtirol;COMUNE DI ALTAVALLE;Completato;2024-09-20 09:27:16
NORD_EST;Trentino-Alto Adige/Südtirol;Comune di Altopiano della Vigolana;Mai aperto;
NORD_EST;Trentino-Alto Adige/Südtirol;Comune di Amblar Don;Mai aperto;
NORD_EST;Trentino-Alto Adige/Südtirol;Comune di Borgo Chiese;Completato;2024-09-23 06:13:30
NORD_EST;Trentino-Alto Adige/Südtirol;Comune di Borgo Lares;Completato;2024-09-18 08:20:20
NORD_EST;Trentino-Alto Adige/Südtirol;Comune di Castel Ivano;Mai aperto;
NORD_EST;Trentino-Alto Adige/Südtirol;Comune di Cembra Lisignago;Mai aperto;
NORD_EST;Trentino-Alto Adige/Südtirol;Comune di Conta;Mai aperto;
NORD_EST;Trentino-Alto Adige/Südtirol;Comune di Madruzzo;Completato;2024-09-03 15:40:06
NORD_EST;Trentino-Alto Adige/Südtirol;Comune di Porte di Rendena;Mai aperto;
NORD_EST;Trentino-Alto Adige/Südtirol;Comune di Primiero San Martino di Castrozza;Mai aperto;
NORD_EST;Trentino-Alto Adige/Südtirol;Comune di Sella Giudicarie;Mai aperto;
NORD_EST;Trentino-Alto Adige/Südtirol;Comune di Tre Ville;Mai aperto;
NORD_EST;Trentino-Alto Adige/Südtirol;Comune di Vallelaghi;Mai aperto;
NORD_EST;Trentino-Alto Adige/Südtirol;Comune di Ville D'Anaunia;Mai aperto;
NORD_EST;Emilia-Romagna;Comune di Ventasso;Mai aperto;
NORD_EST;Trentino-Alto Adige/Südtirol;Comune di Pieve di Bono-Prezzo;Completato;2024-09-30 13:10:10
NORD_EST;Trentino-Alto Adige/Südtirol;Comune di Dimaro Folgarida;Mai aperto;
NORD_EST;Emilia-Romagna;Comune di Polesine Zibello;Completato;2024-09-26 12:17:19
NORD_EST;Emilia-Romagna;Comune di Montescudo - Monte Colombo;Mai aperto;
NORD_EST;Emilia-Romagna;Comune di Alto Reno Terme;Mai aperto;
NORD_EST;Veneto;Comune di Alpago;Mai aperto;
NORD_EST;Veneto;Comune di Val Liona;Completato;2024-09-27 06:45:44
NORD_EST;Emilia-Romagna;Comune di Alta Val Tidone;Mai aperto;
NORD_EST;Trentino-Alto Adige/Südtirol;San Giovanni di Fassa-Sen Jan;Mai aperto;
NORD_EST;Friuli-Venezia Giulia;Comune di Treppo Ligosullo;Mai aperto;
NORD_EST;Friuli-Venezia Giulia;Comune di Fiumicello Villa Vicentina;Mai aperto;
NORD_EST;Veneto;Comune di Barbarano Mossano;Completato;2024-07-23 08:51:20
NORD_EST;Veneto;Comune di Borgo Veneto;Mai aperto;
NORD_EST;Trentino-Alto Adige/Südtirol;Comune di Terre D'Adige;Mai aperto;
NORD_EST;Emilia-Romagna;Comune di Tresignana;Mai aperto;
NORD_EST;Emilia-Romagna;Comune di Riva del Po;Mai aperto;
NORD_EST;Emilia-Romagna;Comune di Sorbolo Mezzani;Mai aperto;
NORD_EST;Veneto;Comune di Borgo Valbelluna;Completato;2024-09-30 07:06:29
NORD_EST;Veneto;Comune di Pieve del Grappa;Completato;2024-09-04 15:02:48
NORD_EST;Veneto;Comune di Valbrenta;Completato;2024-09-24 11:07:29
NORD_EST;Veneto;Comune di Colceresa;Completato;2024-09-16 12:46:57
NORD_EST;Veneto;Comune di Lusiana Conco;Mai aperto;
NORD_EST;Trentino-Alto Adige/Südtirol;Comune di Castello Tesino;Mai aperto;
NORD_EST;Trentino-Alto Adige/Südtirol;Comune di Martello - Gemeinde Martell;Mai aperto;
NORD_EST;Trentino-Alto Adige/Südtirol;Comune di Villa Lagarina;In compilazione;
NORD_EST;Veneto;Comune di Godega di Sant'Urbano;Completato;2024-09-12 15:22:32
NORD_EST;Emilia-Romagna;Comune di Valsamoggia;In compilazione;
NORD_EST;Veneto;Comune di Gazzo Veronese;Mai aperto;
NORD_EST;Veneto;Comune di San Vito di Cadore;Mai aperto;
NORD_EST;Emilia-Romagna;Comune di Sissa Trecasali;In compilazione;
NORD_EST;Trentino-Alto Adige/Südtirol;Comune di Valle di Casies;Mai aperto;
NORD_EST;Trentino-Alto Adige/Südtirol;Comune di Proves;Mai aperto;
NORD_EST;Trentino-Alto Adige/Südtirol;Comune di Castelnuovo (Prov. Trento);Mai aperto;
NORD_EST;Veneto;Comune di Longarone;Completato;2024-09-30 13:02:01
NORD_EST;Veneto;Comune di Setteville;Mai aperto;
NORD_EST;Veneto;COMUNE DI SOVIZZO;Mai aperto;
NORD_EST;Veneto;COMUNE DI SANTA CATERINA D'ESTE;Mai aperto;